"Category","Condition","Value","Dataset","OR","CI_low","CI_high","K....k","I2....I2","tau2....tau2","p_value"
"Erlotinib","Smoker_status","Non-smoker","cardiac_serious",0.577848209884641,0.267241626057253,1.2494631116911,8,0.180144114257366,0.465899651455412,0.163342534519281
"Almonertinib","Smoker_status","Non-smoker","cardiac_serious",2.54784688995215,0.488878676235724,13.2783941910136,1,NA,NA,0.266851254962214
"Gefitinib","Smoker_status","Non-smoker","cardiac_serious",0.703092864338635,0.41855676629716,1.18105742324314,9,0,0,0.183144040981255
"Osimertinib","Smoker_status","Non-smoker","cardiac_serious",1.08065067247757,0.641407820961533,1.8206916687975,5,0.584430401747151,0.702959179781119,0.770728381969559
"Afatinib","Smoker_status","Non-smoker","cardiac_serious",1.18504332012231,0.597435493379887,2.35059296966399,5,0,0,0.627064827645682
"Dacomitinib","Smoker_status","Non-smoker","cardiac_serious",0.986725663716814,0.0613391128481804,15.8728662712681,1,NA,NA,0.992477453893862
"Icotinib","Smoker_status","Non-smoker","cardiac_serious",7.07088607594937,0.362864731432578,137.785311076297,1,NA,NA,0.196731132547626
"Furmonertinib","Smoker_status","Non-smoker","cardiac_serious",1.42456140350877,0.443517496528383,4.57563728207284,1,NA,NA,0.552264097872143
"Zorifertinib","Smoker_status","Non-smoker","cardiac_serious",2.70440251572327,0.707857163219053,10.3323005644107,1,NA,NA,0.145739966373612
"Lazertinib","Smoker_status","Non-smoker","cardiac_serious",1.51554404145078,0.250460734263481,9.17059413856336,1,NA,NA,0.650788795170274
"Erlotinib","Smoker_status","Smoker","cardiac_serious",0.772054510617286,0.606862861724666,0.982212300272435,22,0.150295973840403,0.0688053849111809,0.0351976648316929
"Afatinib","Smoker_status","Smoker","cardiac_serious",1.01438123762804,0.515976873421149,1.99421591985177,2,0,0,0.966976182865898
"Dacomitinib","Smoker_status","Smoker","cardiac_serious",0.670102357301346,0.344189163915434,1.30462320240607,2,0,0,0.238920747672801
"Gefitinib","Smoker_status","Smoker","cardiac_serious",0.831785526546347,0.263972911434684,2.62097788144893,2,0,0,0.753123488354583
"Erlotinib","Smoker_status","Non-smoker","cardiac_total",0.748876966171911,0.434001565010866,1.29219974229541,9,0.21745608837607,0.268744363205549,0.298820588122249
"Almonertinib","Smoker_status","Non-smoker","cardiac_total",1.11542390194076,0.666092640058041,1.86786402701031,1,NA,NA,0.677946130262215
"Gefitinib","Smoker_status","Non-smoker","cardiac_total",0.864587712548124,0.617133266902281,1.21126497756531,11,0,0,0.397659033701356
"Osimertinib","Smoker_status","Non-smoker","cardiac_total",1.04774544246711,0.792738120387868,1.38478330230101,7,0.809512363473464,0.943843251039798,0.743091073921269
"Afatinib","Smoker_status","Non-smoker","cardiac_total",1.1082138930678,0.637297429070123,1.92710338496181,5,0,0,0.71586362919126
"Dacomitinib","Smoker_status","Non-smoker","cardiac_total",0.986725663716814,0.0613391128481804,15.8728662712681,1,NA,NA,0.992477453893862
"Icotinib","Smoker_status","Non-smoker","cardiac_total",0.982391982941252,0.604563645987749,1.5963480678208,2,0.458415626448322,0.99933959720615,0.942825301998251
"Furmonertinib","Smoker_status","Non-smoker","cardiac_total",1.15445134575569,0.557697544922174,2.38975036173616,1,NA,NA,0.698824304942343
"Befotertinib","Smoker_status","Non-smoker","cardiac_total",1.12382595361319,0.680529886161354,1.85588436260849,1,NA,NA,0.648297950545802
"Zorifertinib","Smoker_status","Non-smoker","cardiac_total",1.1362617660242,0.626590729856357,2.06050096084955,1,NA,NA,0.674010756683144
"Lazertinib","Smoker_status","Non-smoker","cardiac_total",1.51554404145078,0.250460734263481,9.17059413856336,1,NA,NA,0.650788795170274
"Gefitinib","Smoker_status","Smoker","cardiac_total",0.303206309662277,0.12122537186595,0.758373142552007,3,0.646460612263293,2.68029968463697,0.0107331340569104
"Erlotinib","Smoker_status","Smoker","cardiac_total",0.877384367137804,0.724508967933509,1.0625173210671,23,0.24200340073717,0.0814262383644424,0.180519379193419
"Afatinib","Smoker_status","Smoker","cardiac_total",0.892095570075784,0.47981632027397,1.65862325336167,2,0,0,0.718206376304077
"Dacomitinib","Smoker_status","Smoker","cardiac_total",0.608518381407139,0.343960954921066,1.0765600432623,2,0,0,0.0879108504023474
"Osimertinib","Smoker_status","Smoker","cardiac_total",0.129251700680272,0.0063953127292148,2.61222599051755,1,NA,NA,0.182224802765822
"Erlotinib","Smoker_status","Non-smoker","vascular_serious",0.230704246237023,0.150433052064082,0.353808212367587,12,0.609764444470603,1.40808153768869,1.7904905255153e-11
"Almonertinib","Smoker_status","Non-smoker","vascular_serious",22.1295843520782,1.28844347559127,380.085361036899,1,NA,NA,0.032789409816675
"Gefitinib","Smoker_status","Non-smoker","vascular_serious",0.360080131365355,0.267064333601339,0.485492387754174,13,0.737397125495308,1.44925724141859,2.09589972558725e-11
"Osimertinib","Smoker_status","Non-smoker","vascular_serious",0.816310607002173,0.481123696004835,1.38501390107703,5,0,0,0.451784081703582
"Afatinib","Smoker_status","Non-smoker","vascular_serious",1.21773473649035,0.683875908622871,2.16834351050809,5,0.346052918714517,0.285002565644977,0.503380252952092
"Dacomitinib","Smoker_status","Non-smoker","vascular_serious",4.97782705099778,0.237642600266682,104.26902466914,1,NA,NA,0.301086810691803
"Befotertinib","Smoker_status","Non-smoker","vascular_serious",16.0778443113772,2.10065037324151,123.055735972854,1,NA,NA,0.00747796990542565
"Icotinib","Smoker_status","Non-smoker","vascular_serious",0.0621973929236499,0.00812639892073455,0.476043044924654,1,NA,NA,0.00747796990542565
"Lazertinib","Smoker_status","Non-smoker","vascular_serious",1.15501519756839,0.410611490693232,3.24895950759113,1,NA,NA,0.784767844946126
"Gefitinib","Smoker_status","Smoker","vascular_serious",0.651863327313613,0.230066848015919,1.84696665843387,3,0.0468447759755702,0.0766398121626142,0.420637318903383
"Erlotinib","Smoker_status","Smoker","vascular_serious",0.728705678733095,0.588373516582253,0.902508272810112,25,0.189215520666722,0.082458827457023,0.0037334699479077
"Afatinib","Smoker_status","Smoker","vascular_serious",1.23371428571429,0.599562306496464,2.53860344835485,1,NA,NA,0.568351878550503
"Dacomitinib","Smoker_status","Smoker","vascular_serious",1.0220897563618,0.526130560969467,1.98556698195743,3,0,0,0.948581333862641
"Erlotinib","Smoker_status","Non-smoker","vascular_total",0.203759499883697,0.154457995884719,0.268797568912144,12,0.805959000393876,1.48013011540749,2.17930089058533e-29
"Almonertinib","Smoker_status","Non-smoker","vascular_total",2.23765432098765,1.09326434301913,4.5799507614117,1,NA,NA,0.0275270083710019
"Gefitinib","Smoker_status","Non-smoker","vascular_total",0.507361415491747,0.40833130835589,0.630408691820007,14,0.779995346812996,0.721445519336526,9.09825475620324e-10
"Osimertinib","Smoker_status","Non-smoker","vascular_total",0.647324855384345,0.475337845570157,0.881540302972821,6,0.741568189893174,0.510723699490555,0.00577715182991784
"Afatinib","Smoker_status","Non-smoker","vascular_total",0.947259366292087,0.647735405332714,1.38528834403792,5,0.492347617971376,0.228257400452241,0.779941686920092
"Dacomitinib","Smoker_status","Non-smoker","vascular_total",0.985436893203884,0.522135955361109,1.85983336431164,1,NA,NA,0.963892749061597
"Befotertinib","Smoker_status","Non-smoker","vascular_total",34.6488549618321,8.28581870170048,144.891312903056,1,NA,NA,1.19351029819182e-06
"Icotinib","Smoker_status","Non-smoker","vascular_total",0.0288609825952853,0.00690172502383965,0.12068813426907,1,NA,NA,1.19351029819182e-06
"Lazertinib","Smoker_status","Non-smoker","vascular_total",1.31372038531632,0.730422049457477,2.36282742570211,1,NA,NA,0.362251733864476
"Gefitinib","Smoker_status","Smoker","vascular_total",0.279693883630632,0.120298550433084,0.650287707198104,4,0.591645401944466,1.81184554832073,0.00307991787339379
"Erlotinib","Smoker_status","Smoker","vascular_total",0.485851972872714,0.418113003229352,0.56456541107578,26,0.605592108404675,0.273255740335469,4.40672142888084e-21
"Afatinib","Smoker_status","Smoker","vascular_total",1.23371428571429,0.599562306496464,2.53860344835485,1,NA,NA,0.568351878550503
"Dacomitinib","Smoker_status","Smoker","vascular_total",1.0220897563618,0.526130560969467,1.98556698195743,3,0,0,0.948581333862641
"Almonertinib","Smoker_status","Non-smoker","arrhy_serious",2.0188679245283,0.181695962388007,22.4321313645121,1,NA,NA,0.56743581257916
"Gefitinib","Smoker_status","Non-smoker","arrhy_serious",0.907074125157638,0.397135993599564,2.07179274049915,5,0,0,0.816972378441784
"Osimertinib","Smoker_status","Non-smoker","arrhy_serious",0.887586090438362,0.351280797446951,2.24267615441925,5,0,0,0.800923081018025
"Erlotinib","Smoker_status","Non-smoker","arrhy_serious",0.317514630020273,0.0496952408421234,2.02867595706381,3,0,0,0.225359858030336
"Afatinib","Smoker_status","Non-smoker","arrhy_serious",1.30331403170749,0.414372960859425,4.09927197402703,4,0.134205647367481,0.332791161493931,0.650471890189544
"Furmonertinib","Smoker_status","Non-smoker","arrhy_serious",1.42456140350877,0.443517496528383,4.57563728207284,1,NA,NA,0.552264097872143
"Zorifertinib","Smoker_status","Non-smoker","arrhy_serious",2.70440251572327,0.707857163219053,10.3323005644107,1,NA,NA,0.145739966373612
"Lazertinib","Smoker_status","Non-smoker","arrhy_serious",0.333333333333333,0.0134965350985004,8.2325656400106,1,NA,NA,0.501915016689942
"Erlotinib","Smoker_status","Smoker","arrhy_serious",0.866401969890359,0.591154021250566,1.26980845337382,17,0,0,0.462178590119426
"Afatinib","Smoker_status","Smoker","arrhy_serious",2.6541626782232,0.885261000824436,7.95763002765558,2,0,0,0.0814353760593125
"Dacomitinib","Smoker_status","Smoker","arrhy_serious",0.633681852128454,0.198818650956113,2.01969326210541,2,0,0,0.440479876879571
"Gefitinib","Smoker_status","Smoker","arrhy_serious",0.343065693430657,0.0137369253469441,8.56771563042961,1,NA,NA,0.514640428969539
"Almonertinib","Smoker_status","Non-smoker","hf_serious",0.333333333333333,0.0135034420624435,8.22835471113988,1,NA,NA,0.501846780890261
"Gefitinib","Smoker_status","Non-smoker","hf_serious",0.548325813283859,0.183208554811239,1.6410871087498,6,0,0,0.282680605326188
"Osimertinib","Smoker_status","Non-smoker","hf_serious",1.1389820149068,0.470778541337477,2.75560569646101,5,0.424499637609672,1.5162438485334,0.772817399616931
"Erlotinib","Smoker_status","Non-smoker","hf_serious",0.195987133634748,0.0227568429812757,1.6878859946421,2,0,0,0.137951674811857
"Afatinib","Smoker_status","Non-smoker","hf_serious",0.886982679760471,0.188973379438979,4.16322275936812,2,0.39566955419885,1.28897979314255,0.879170203802112
"Icotinib","Smoker_status","Non-smoker","hf_serious",7.07088607594937,0.362864731432578,137.785311076297,1,NA,NA,0.196731132547626
"Lazertinib","Smoker_status","Non-smoker","hf_serious",3.0306905370844,0.122711444244203,74.8510881617043,1,NA,NA,0.497961538477367
"Erlotinib","Smoker_status","Smoker","hf_serious",0.937099377920638,0.523666918489329,1.67693473292631,13,0,0,0.826800683905468
"Afatinib","Smoker_status","Smoker","hf_serious",0.753856041131105,0.167618165896859,3.39043759194665,1,NA,NA,0.712623966131091
"Dacomitinib","Smoker_status","Smoker","hf_serious",1,0.0623499876097063,16.0384955689121,1,NA,NA,1
"Gefitinib","Smoker_status","Smoker","hf_serious",4.91919191919192,0.234953368350599,102.992561067412,1,NA,NA,0.30459512021804
"Erlotinib","Smoker_status","Non-smoker","vt_serious",0.878550114236142,0.472322973740883,1.6341578668324,11,0,0,0.682597324533063
"Almonertinib","Smoker_status","Non-smoker","vt_serious",26.6049382716049,1.56501502384743,452.278559406925,1,NA,NA,0.023219055142281
"Gefitinib","Smoker_status","Non-smoker","vt_serious",0.396724926952315,0.241329586786287,0.65218139955918,11,0,0,0.000267066990961478
"Osimertinib","Smoker_status","Non-smoker","vt_serious",0.983491039622064,0.598542868528257,1.61601562039365,5,0.553797583628576,0.475204161926123,0.947617101519044
"Afatinib","Smoker_status","Non-smoker","vt_serious",1.19170275199215,0.678477352558185,2.0931508527897,5,0.472270972597948,0.479632940099826,0.541697870947471
"Dacomitinib","Smoker_status","Non-smoker","vt_serious",1.98222222222222,0.178463524285555,22.0168516451832,1,NA,NA,0.577522800334764
"Befotertinib","Smoker_status","Non-smoker","vt_serious",16.0778443113772,2.10065037324151,123.055735972854,1,NA,NA,0.00747796990542565
"Icotinib","Smoker_status","Non-smoker","vt_serious",0.0621973929236499,0.00812639892073455,0.476043044924654,1,NA,NA,0.00747796990542565
"Lazertinib","Smoker_status","Non-smoker","vt_serious",2.59408602150538,0.79959120944342,8.41590328594747,1,NA,NA,0.112400670508951
"Erlotinib","Smoker_status","Smoker","vt_serious",0.764252389779612,0.617116626374196,0.946468933620471,25,0.010191197312397,0.00351516147781117,0.0137309186996305
"Afatinib","Smoker_status","Smoker","vt_serious",1.1580547112462,0.557359334072124,2.40615099139253,1,NA,NA,0.694104764091976
"Dacomitinib","Smoker_status","Smoker","vt_serious",0.925473349840565,0.505710645513388,1.69365808069081,3,0.179858557462795,0.0864680113287346,0.801673914087393
"Gefitinib","Smoker_status","Smoker","vt_serious",1.21316944688323,0.345010871152494,4.26589487436888,2,0,0,0.763260404033725
"Erlotinib","Smoker_status","Non-smoker","hyper_serious",0.113149442203915,0.0621035011195807,0.206152568538852,6,0.628523914019738,1.61581286878172,1.0856460992767e-12
"Osimertinib","Smoker_status","Non-smoker","hyper_serious",0.327245598328857,0.0338006023433961,3.16827731463592,2,0,0,0.334855447737837
"Gefitinib","Smoker_status","Non-smoker","hyper_serious",0.336099787575413,0.235913640832488,0.478832282904946,6,0.880728497330279,3.91608335510684,1.56206511853471e-09
"Afatinib","Smoker_status","Non-smoker","hyper_serious",1.11495323172078,0.212120394364855,5.86044879204961,3,0,0,0.897737162137986
"Lazertinib","Smoker_status","Non-smoker","hyper_serious",0.333333333333333,0.0134965350985004,8.2325656400106,1,NA,NA,0.501915016689942
"Gefitinib","Smoker_status","Smoker","hyper_serious",0.191513913323118,0.0222450835752837,1.64879483919256,2,0,0,0.132396346850236
"Erlotinib","Smoker_status","Smoker","hyper_serious",0.21291185331659,0.0914063607696657,0.495933290648508,9,0,0,0.000336346864226938
"Afatinib","Smoker_status","Smoker","hyper_serious",0.335031847133758,0.0136067923690168,8.24928723462019,1,NA,NA,0.503488984713034
"Almonertinib","Smoker_status","Non-smoker","arrhy_total",1.04264502762431,0.615001931688569,1.76765079525018,1,NA,NA,0.876781630950415
"Gefitinib","Smoker_status","Non-smoker","arrhy_total",0.966261197276968,0.650151477126789,1.43606641561324,7,0,0,0.865190352809814
"Osimertinib","Smoker_status","Non-smoker","arrhy_total",1.32047300116935,0.939262760730797,1.85640165853115,7,0.616763794210549,0.513293169589332,0.109722126810869
"Erlotinib","Smoker_status","Non-smoker","arrhy_total",0.705919145557362,0.280492198769646,1.77659785994149,4,0,0,0.459576245224493
"Afatinib","Smoker_status","Non-smoker","arrhy_total",1.3702234803855,0.587061737090131,3.19815151896283,4,0.102073746137045,0.141209033679592,0.466407615792435
"Furmonertinib","Smoker_status","Non-smoker","arrhy_total",1.15445134575569,0.557697544922174,2.38975036173616,1,NA,NA,0.698824304942343
"Befotertinib","Smoker_status","Non-smoker","arrhy_total",1.12382595361319,0.680529886161354,1.85588436260849,1,NA,NA,0.648297950545802
"Icotinib","Smoker_status","Non-smoker","arrhy_total",0.889817499573597,0.538826674844374,1.46944317999122,1,NA,NA,0.648297950545802
"Zorifertinib","Smoker_status","Non-smoker","arrhy_total",1.1362617660242,0.626590729856357,2.06050096084955,1,NA,NA,0.674010756683144
"Lazertinib","Smoker_status","Non-smoker","arrhy_total",0.333333333333333,0.0134965350985004,8.2325656400106,1,NA,NA,0.501915016689942
"Gefitinib","Smoker_status","Smoker","arrhy_total",0.0656111321722454,0.00876485999927693,0.491145399387895,2,0.187448917259623,0.553790970798788,0.00799578153941415
"Erlotinib","Smoker_status","Smoker","arrhy_total",1.13840082608887,0.864132011855305,1.49972043977097,19,0.123031160021257,0.0634666020402299,0.35670620335638
"Afatinib","Smoker_status","Smoker","arrhy_total",1.52600372691852,0.65361442925248,3.56278452608896,2,0.484210714489581,0.394703593814958,0.328572147821601
"Dacomitinib","Smoker_status","Smoker","arrhy_total",0.549111476932168,0.248262158234235,1.21453634433541,2,0,0,0.138853112732727
"Osimertinib","Smoker_status","Smoker","arrhy_total",0.129251700680272,0.0063953127292148,2.61222599051755,1,NA,NA,0.182224802765822
"Erlotinib","Smoker_status","Non-smoker","hf_total",0.415988734417314,0.106512462160415,1.62466084861974,4,0,0,0.207018854785836
"Almonertinib","Smoker_status","Non-smoker","hf_total",0.333333333333333,0.0135034420624435,8.22835471113988,1,NA,NA,0.501846780890261
"Gefitinib","Smoker_status","Non-smoker","hf_total",0.739401513968805,0.275505513136989,1.98440529423278,7,0,0,0.548910771561984
"Osimertinib","Smoker_status","Non-smoker","hf_total",0.555340620366847,0.321733626440195,0.958566899088992,5,0.635379385507762,1.66499567336642,0.0346946750674643
"Afatinib","Smoker_status","Non-smoker","hf_total",0.886982679760471,0.188973379438979,4.16322275936812,2,0.39566955419885,1.28897979314255,0.879170203802112
"Icotinib","Smoker_status","Non-smoker","hf_total",7.07088607594937,0.362864731432578,137.785311076297,1,NA,NA,0.196731132547626
"Lazertinib","Smoker_status","Non-smoker","hf_total",3.0306905370844,0.122711444244203,74.8510881617043,1,NA,NA,0.497961538477367
"Erlotinib","Smoker_status","Smoker","hf_total",0.757388067788458,0.442780793174273,1.29553199703167,14,0,0,0.310300433846396
"Afatinib","Smoker_status","Smoker","hf_total",0.753856041131105,0.167618165896859,3.39043759194665,1,NA,NA,0.712623966131091
"Dacomitinib","Smoker_status","Smoker","hf_total",1,0.0623499876097063,16.0384955689121,1,NA,NA,1
"Gefitinib","Smoker_status","Smoker","hf_total",4.91919191919192,0.234953368350599,102.992561067412,1,NA,NA,0.30459512021804
"Erlotinib","Smoker_status","Non-smoker","vt_total",1.17870526061714,0.682283957299918,2.03631651681322,11,0,0,0.555580292995741
"Almonertinib","Smoker_status","Non-smoker","vt_total",26.6049382716049,1.56501502384743,452.278559406925,1,NA,NA,0.023219055142281
"Gefitinib","Smoker_status","Non-smoker","vt_total",0.429179500198079,0.283259220111026,0.650270248283804,12,0,0,6.60744073797161e-05
"Osimertinib","Smoker_status","Non-smoker","vt_total",1.01510478690739,0.624140129799185,1.65097175971339,5,0.495218827479023,0.353486561769615,0.951826258601607
"Afatinib","Smoker_status","Non-smoker","vt_total",1.21680373206966,0.708754974041804,2.08903129657799,5,0.396338380678536,0.303145362795901,0.476714398937596
"Dacomitinib","Smoker_status","Non-smoker","vt_total",1.98222222222222,0.178463524285555,22.0168516451832,1,NA,NA,0.577522800334764
"Befotertinib","Smoker_status","Non-smoker","vt_total",34.6488549618321,8.28581870170048,144.891312903056,1,NA,NA,1.19351029819182e-06
"Icotinib","Smoker_status","Non-smoker","vt_total",0.0288609825952853,0.00690172502383965,0.12068813426907,1,NA,NA,1.19351029819182e-06
"Lazertinib","Smoker_status","Non-smoker","vt_total",2.48612716763006,1.15035248383095,5.37298643720453,1,NA,NA,0.0205478481843987
"Erlotinib","Smoker_status","Smoker","vt_total",0.800857614989628,0.657365456206408,0.975671771967112,25,0.0960083306365648,0.0306340430125645,0.0274927193507031
"Gefitinib","Smoker_status","Smoker","vt_total",0.594550674372368,0.214186152452952,1.65038916077586,3,0.454688202032369,1.31686358823404,0.318201741064437
"Afatinib","Smoker_status","Smoker","vt_total",1.1580547112462,0.557359334072124,2.40615099139253,1,NA,NA,0.694104764091976
"Dacomitinib","Smoker_status","Smoker","vt_total",0.925473349840565,0.505710645513388,1.69365808069081,3,0.179858557462795,0.0864680113287346,0.801673914087393
"Erlotinib","Smoker_status","Non-smoker","hyper_total",0.148419059749645,0.109224114712392,0.201679064691651,8,0.776445858289312,0.901577800219216,3.35776068063837e-34
"Almonertinib","Smoker_status","Non-smoker","hyper_total",1.2751256281407,0.582269776827741,2.79242617811888,1,NA,NA,0.543383556561631
"Gefitinib","Smoker_status","Non-smoker","hyper_total",0.532985031406027,0.418848719841405,0.678223497520648,10,0.856208157718762,1.12940177178218,3.08948860295883e-07
"Osimertinib","Smoker_status","Non-smoker","hyper_total",0.548082650236165,0.374119249647934,0.802938078627565,5,0.768115892645241,0.761435929641127,0.00202529943693812
"Afatinib","Smoker_status","Non-smoker","hyper_total",0.940547591519512,0.575555715970456,1.53700110582963,4,0.541278860348182,0.429069478815042,0.806761973270766
"Dacomitinib","Smoker_status","Non-smoker","hyper_total",0.88301282051282,0.460972883928994,1.69144795360698,1,NA,NA,0.707546249645577
"Lazertinib","Smoker_status","Non-smoker","hyper_total",0.719535783365571,0.283044620767978,1.82915238642853,1,NA,NA,0.489285352143952
"Gefitinib","Smoker_status","Smoker","hyper_total",0.0912302721799967,0.0168924687901457,0.492702556709266,2,0,0,0.00539283397325677
"Erlotinib","Smoker_status","Smoker","hyper_total",0.244013278655222,0.190927302634057,0.311859432038349,11,0.569130633883137,0.275444889730404,1.86933246210698e-29
"Afatinib","Smoker_status","Smoker","hyper_total",0.335031847133758,0.0136067923690168,8.24928723462019,1,NA,NA,0.503488984713034
"Erlotinib","location","Non-Asian","cardiac_serious",0.596126216134586,0.317659846154428,1.11870124557757,5,0.0151763073823973,0.0141556220256199,0.107243185601823
"Gefitinib","location","Non-Asian","cardiac_serious",0.33630001372253,0.0346085176780421,3.26791514973005,2,0,0,0.347577628730563
"Erlotinib","location","Asian","cardiac_serious",1.49114840952395,0.416392257203063,5.33997340431199,4,0,0,0.539301847084303
"Almonertinib","location","Asian","cardiac_serious",2.54784688995215,0.488878676235724,13.2783941910136,1,NA,NA,0.266851254962214
"Gefitinib","location","Asian","cardiac_serious",0.644435435306118,0.337320293467774,1.23116527028001,5,0,0,0.183413586530563
"Osimertinib","location","Asian","cardiac_serious",0.196694214876033,0.00924675396031111,4.18402115291033,1,NA,NA,0.297211623825912
"Afatinib","location","Asian","cardiac_serious",0.759007909383849,0.116144400713035,4.96014446646144,2,0.437967987536156,2.10615570650374,0.773420442026283
"Icotinib","location","Asian","cardiac_serious",7.07088607594937,0.362864731432578,137.785311076297,1,NA,NA,0.196731132547626
"Furmonertinib","location","Asian","cardiac_serious",1.42456140350877,0.443517496528383,4.57563728207284,1,NA,NA,0.552264097872143
"Zorifertinib","location","Asian","cardiac_serious",2.70440251572327,0.707857163219053,10.3323005644107,1,NA,NA,0.145739966373612
"Erlotinib","location","Mixed","cardiac_serious",0.796581703758786,0.628429146990689,1.00972784887817,23,0.0978061302085148,0.0422518524659509,0.0601161945353657
"Osimertinib","location","Mixed","cardiac_serious",0.9212125934075,0.645222177313727,1.31525646837762,8,0.345040095587552,0.163593438590364,0.65149578063376
"Afatinib","location","Mixed","cardiac_serious",1.1243877452097,0.684163919290142,1.84787266023833,5,0,0,0.643700842276719
"Dacomitinib","location","Mixed","cardiac_serious",0.684399178234853,0.358182353280674,1.30772002271563,3,0,0,0.251021693828387
"Gefitinib","location","Mixed","cardiac_serious",0.926179160551416,0.442939139325347,1.9366268664952,4,0,0,0.838536461897959
"Lazertinib","location","Mixed","cardiac_serious",1.07237139470456,0.600925688549517,1.91368155845751,3,0,0,0.813075532601628
"Gefitinib","location","Non-Asian","cardiac_total",0.0909909213144803,0.0173002110995178,0.478569175487617,3,0,0,0.00465384682805472
"Erlotinib","location","Non-Asian","cardiac_total",0.846395887041641,0.565412466363788,1.26701486121829,5,0,0,0.417826583012808
"Erlotinib","location","Asian","cardiac_total",0.995585751933068,0.367256880797814,2.69890379534594,4,0.186034835409631,0.360618658808269,0.993062753957492
"Almonertinib","location","Asian","cardiac_total",1.11542390194076,0.666092640058041,1.86786402701031,1,NA,NA,0.677946130262215
"Gefitinib","location","Asian","cardiac_total",0.871779416807136,0.60474089250401,1.25673550604741,7,0,0,0.462126722000207
"Osimertinib","location","Asian","cardiac_total",0.757970910571255,0.359945633062557,1.59612966098235,3,0.624586438595173,2.17709576141715,0.465799884353015
"Afatinib","location","Asian","cardiac_total",0.551900454106626,0.160894672244379,1.89312739194036,2,0,0,0.344594894442228
"Icotinib","location","Asian","cardiac_total",0.982391982941252,0.604563645987749,1.5963480678208,2,0.458415626448322,0.99933959720615,0.942825301998251
"Furmonertinib","location","Asian","cardiac_total",1.15445134575569,0.557697544922174,2.38975036173616,1,NA,NA,0.698824304942343
"Befotertinib","location","Asian","cardiac_total",1.12382595361319,0.680529886161354,1.85588436260849,1,NA,NA,0.648297950545802
"Zorifertinib","location","Asian","cardiac_total",1.1362617660242,0.626590729856357,2.06050096084955,1,NA,NA,0.674010756683144
"Erlotinib","location","Mixed","cardiac_total",0.816474175201248,0.672315731550828,0.991543180512593,24,0.465470566968706,0.237856454178143,0.040791040401301
"Osimertinib","location","Mixed","cardiac_total",1.1073178210759,0.879542896288487,1.39407954068691,9,0.794784119996572,0.603581645030145,0.385619644843677
"Afatinib","location","Mixed","cardiac_total",1.08989673728952,0.702267393743457,1.69148519287269,5,0,0,0.701075790429557
"Dacomitinib","location","Mixed","cardiac_total",0.620500766478589,0.355009407556977,1.08453802351343,3,0,0,0.0939132279233704
"Gefitinib","location","Mixed","cardiac_total",0.926179160551416,0.442939139325347,1.9366268664952,4,0,0,0.838536461897959
"Lazertinib","location","Mixed","cardiac_total",1.07237139470456,0.600925688549517,1.91368155845751,3,0,0,0.813075532601628
"Gefitinib","location","Non-Asian","vascular_serious",0.195564997674389,0.0227008643236485,1.68476705424567,2,0,0,0.13748732778822
"Erlotinib","location","Non-Asian","vascular_serious",1.00941073466978,0.616421492109433,1.65294371515147,8,0,0,0.970306549121232
"Erlotinib","location","Asian","vascular_serious",0.10292446268879,0.0613561917207054,0.172654865347537,6,0,0,6.99953338411039e-18
"Almonertinib","location","Asian","vascular_serious",22.1295843520782,1.28844347559127,380.085361036899,1,NA,NA,0.032789409816675
"Gefitinib","location","Asian","vascular_serious",0.314269484714023,0.225329512741874,0.438315016176146,10,0.79416150343052,2.47437922998497,9.15341593328845e-12
"Osimertinib","location","Asian","vascular_serious",0.266964204288435,0.0867959265147925,0.821120175025853,3,0.365713887091786,0.948424396877569,0.0212357506278728
"Afatinib","location","Asian","vascular_serious",0.156576200417537,0.00632876141745649,3.87376058600824,1,NA,NA,0.257341346248572
"Befotertinib","location","Asian","vascular_serious",16.0778443113772,2.10065037324151,123.055735972854,1,NA,NA,0.00747796990542565
"Icotinib","location","Asian","vascular_serious",0.0621973929236499,0.00812639892073455,0.476043044924654,1,NA,NA,0.00747796990542565
"Erlotinib","location","Mixed","vascular_serious",0.648897640463987,0.525521082687065,0.801239306417068,26,0.280346073729535,0.138574115271386,5.83278366274105e-05
"Osimertinib","location","Mixed","vascular_serious",0.554105371021011,0.402876211175478,0.762101989835782,8,0.411029158346479,0.176859752031437,0.000282767735939805
"Afatinib","location","Mixed","vascular_serious",1.29019319471577,0.814970404228351,2.04252629427322,5,0.128012501127041,0.047928294589411,0.277017347966876
"Dacomitinib","location","Mixed","vascular_serious",1.13298444573041,0.59707818438986,2.14989223828163,4,0,0,0.702441750836057
"Gefitinib","location","Mixed","vascular_serious",0.777284386558146,0.418095887072395,1.44505372157,4,0,0,0.425830595632048
"Lazertinib","location","Mixed","vascular_serious",0.76812436263728,0.504432694997786,1.16966057578706,3,0.687855761979121,0.347362625612981,0.218866864595708
"Gefitinib","location","Non-Asian","vascular_total",0.203439510625597,0.0928286735358112,0.44584968099987,3,0,0,6.95609961654665e-05
"Erlotinib","location","Non-Asian","vascular_total",0.577364225543187,0.427657451445399,0.779477705370099,8,0.540767228351485,0.54274026741106,0.000334794804676096
"Erlotinib","location","Asian","vascular_total",0.177500049866045,0.129399442523954,0.243480706623726,6,0.778074780735276,0.780563307246678,8.16705568834293e-27
"Almonertinib","location","Asian","vascular_total",2.23765432098765,1.09326434301913,4.5799507614117,1,NA,NA,0.0275270083710019
"Gefitinib","location","Asian","vascular_total",0.399289526955396,0.30648273858322,0.520199366115273,11,0.797116596274799,1.00201686096277,1.02960822840542e-11
"Osimertinib","location","Asian","vascular_total",0.103981811429259,0.0458874076120582,0.235624927856435,3,0.388716968310716,0.472884823077694,5.84850217384402e-08
"Afatinib","location","Asian","vascular_total",0.156576200417537,0.00632876141745649,3.87376058600824,1,NA,NA,0.257341346248572
"Befotertinib","location","Asian","vascular_total",34.6488549618321,8.28581870170048,144.891312903056,1,NA,NA,1.19351029819182e-06
"Icotinib","location","Asian","vascular_total",0.0288609825952853,0.00690172502383965,0.12068813426907,1,NA,NA,1.19351029819182e-06
"Erlotinib","location","Mixed","vascular_total",0.391250047890277,0.336475802132511,0.454940887291085,26,0.633977783411379,0.302928140814066,3.30796427081215e-34
"Osimertinib","location","Mixed","vascular_total",0.39280457413094,0.325359164943792,0.474231096225135,9,0.883011447061688,0.806551995270965,2.42710732908986e-22
"Gefitinib","location","Mixed","vascular_total",0.826410601127485,0.571767759225007,1.19446133615787,5,0,0,0.310352512363422
"Afatinib","location","Mixed","vascular_total",1.02977504418149,0.733277072974691,1.44616091338723,5,0.445420033558421,0.133614860622102,0.865522379598666
"Dacomitinib","location","Mixed","vascular_total",1.00279527637411,0.633775330589543,1.58667956574265,4,0,0,0.990486866720978
"Lazertinib","location","Mixed","vascular_total",0.585718930248204,0.458623060716163,0.748036229829752,3,0.957410840925491,1.22064120851338,1.81884709540481e-05
"Erlotinib","location","Non-Asian","arrhy_serious",1.00331700921429,0.369614205694735,2.72350197981863,4,0,0,0.994814174844244
"Gefitinib","location","Non-Asian","arrhy_serious",0.343065693430657,0.0137369253469441,8.56771563042961,1,NA,NA,0.514640428969539
"Almonertinib","location","Asian","arrhy_serious",2.0188679245283,0.181695962388007,22.4321313645121,1,NA,NA,0.56743581257916
"Gefitinib","location","Asian","arrhy_serious",0.714007803648987,0.284197169402782,1.79385018064385,3,0,0,0.47356339734173
"Osimertinib","location","Asian","arrhy_serious",0.196694214876033,0.00924675396031111,4.18402115291033,1,NA,NA,0.297211623825912
"Afatinib","location","Asian","arrhy_serious",3.47619047619048,0.136699683213095,88.3974267001066,1,NA,NA,0.450456176916791
"Furmonertinib","location","Asian","arrhy_serious",1.42456140350877,0.443517496528383,4.57563728207284,1,NA,NA,0.552264097872143
"Zorifertinib","location","Asian","arrhy_serious",2.70440251572327,0.707857163219053,10.3323005644107,1,NA,NA,0.145739966373612
"Erlotinib","location","Mixed","arrhy_serious",0.846515762566421,0.578338461327968,1.23904769298586,19,0,0,0.391312963053353
"Osimertinib","location","Mixed","arrhy_serious",0.797064193200306,0.375576147155107,1.69156463448058,8,0,0,0.554656642536963
"Afatinib","location","Mixed","arrhy_serious",1.83311055014948,0.811623086349761,4.1402152619661,5,0.0223030329651366,0.0313773890622691,0.144879551234579
"Gefitinib","location","Mixed","arrhy_serious",3.01885681550555,0.312513058697068,29.161970096611,2,0,0,0.339668298603893
"Dacomitinib","location","Mixed","arrhy_serious",0.633681852128454,0.198818650956113,2.01969326210541,2,0,0,0.440479876879571
"Lazertinib","location","Mixed","arrhy_serious",1.6673229765991,0.460392199120186,6.03825589053817,3,0,0,0.436217966799051
"Erlotinib","location","Non-Asian","hf_serious",0.813861306889415,0.236790005384521,2.79728963127531,2,0,0,0.743689282146843
"Gefitinib","location","Non-Asian","hf_serious",0.329690346083789,0.0132551139243603,8.20028593651592,1,NA,NA,0.498592298406272
"Almonertinib","location","Asian","hf_serious",0.333333333333333,0.0135034420624435,8.22835471113988,1,NA,NA,0.501846780890261
"Gefitinib","location","Asian","hf_serious",0.657175949308898,0.184837771951491,2.33653664935646,4,0,0,0.516562315137681
"Erlotinib","location","Asian","hf_serious",0.333333333333333,0.0133256328523917,8.33814891509403,1,NA,NA,0.50360919533487
"Icotinib","location","Asian","hf_serious",7.07088607594937,0.362864731432578,137.785311076297,1,NA,NA,0.196731132547626
"Afatinib","location","Asian","hf_serious",0.156576200417537,0.00632876141745649,3.87376058600824,1,NA,NA,0.257341346248572
"Erlotinib","location","Mixed","hf_serious",0.940852203807173,0.532290170799885,1.6630081071732,14,0,0,0.833829318049879
"Osimertinib","location","Mixed","hf_serious",1.33851346459274,0.691468143763144,2.59103519237434,8,0.162189543111255,0.26978556341364,0.3869425943034
"Afatinib","location","Mixed","hf_serious",1.06826370092633,0.325054638701091,3.51075542031015,2,0,0,0.913377385056233
"Dacomitinib","location","Mixed","hf_serious",1,0.0623499876097063,16.0384955689121,1,NA,NA,1
"Gefitinib","location","Mixed","hf_serious",1.4790073183381,0.245754015101229,8.90102506279143,2,0.305778011724785,1.11987148148143,0.669097012678428
"Lazertinib","location","Mixed","hf_serious",0.805784769401908,0.217078490498351,2.99103376437482,3,0,0,0.746926938159716
"Erlotinib","location","Non-Asian","vt_serious",0.858856900495861,0.518338772928334,1.42307543647973,7,0.043333098411432,0.0339443187591824,0.554818863230092
"Gefitinib","location","Non-Asian","vt_serious",0.343065693430657,0.0137369253469441,8.56771563042961,1,NA,NA,0.514640428969539
"Erlotinib","location","Asian","vt_serious",0.714154824423202,0.291478226202237,1.74976059066954,6,0,0,0.461542143166743
"Almonertinib","location","Asian","vt_serious",26.6049382716049,1.56501502384743,452.278559406925,1,NA,NA,0.023219055142281
"Gefitinib","location","Asian","vt_serious",0.34164978827445,0.168662988946677,0.692058041642312,8,0.00950975292423013,0.013945771148417,0.00286377643748802
"Afatinib","location","Asian","vt_serious",0.156576200417537,0.00632876141745649,3.87376058600824,1,NA,NA,0.257341346248572
"Befotertinib","location","Asian","vt_serious",16.0778443113772,2.10065037324151,123.055735972854,1,NA,NA,0.00747796990542565
"Icotinib","location","Asian","vt_serious",0.0621973929236499,0.00812639892073455,0.476043044924654,1,NA,NA,0.00747796990542565
"Erlotinib","location","Mixed","vt_serious",0.692453174734064,0.560888593155123,0.854878143450981,26,0.102040093215743,0.0391659671742978,0.000629948542834695
"Osimertinib","location","Mixed","vt_serious",0.597592384012399,0.442153278127401,0.807676150094546,8,0.674281509977141,0.489369718137824,0.000809227813230459
"Afatinib","location","Mixed","vt_serious",1.2403914678058,0.78746500329393,1.95382777262436,5,0.34106464206874,0.166498811894233,0.352745800783801
"Dacomitinib","location","Mixed","vt_serious",0.971739533609314,0.541682640800763,1.74323053768777,4,0,0,0.923406269616422
"Gefitinib","location","Mixed","vt_serious",0.593192505717517,0.320929520259013,1.09643185380839,4,0,0,0.0956664720636942
"Lazertinib","location","Mixed","vt_serious",0.7505023957717,0.492344384542772,1.1440241094293,3,0.820984060547629,0.802507840708989,0.182073967440674
"Gefitinib","location","Non-Asian","hyper_serious",0.134502923976608,0.00684012873270333,2.6448386083382,1,NA,NA,0.186831558600341
"Erlotinib","location","Non-Asian","hyper_serious",0.410926755151223,0.0625947357508851,2.69768369613615,2,0,0,0.354283216435557
"Erlotinib","location","Asian","hyper_serious",0.0841316043277086,0.0472589334330552,0.149773309141237,4,0,0,4.02481841645042e-17
"Osimertinib","location","Asian","hyper_serious",0.266964204288435,0.0867959265147925,0.821120175025853,3,0.365713887091786,0.948424396877569,0.0212357506278728
"Gefitinib","location","Asian","hyper_serious",0.311912706828297,0.216686982765313,0.448986530890629,4,0.924102438290089,4.42133032124206,3.64561450230992e-10
"Osimertinib","location","Mixed","hyper_serious",0.387132635702388,0.0874661135727291,1.71348275925463,4,0,0,0.21115537040017
"Erlotinib","location","Mixed","hyper_serious",0.29141882711621,0.145237751987364,0.584730427424792,11,0,0,0.000520035391430874
"Afatinib","location","Mixed","hyper_serious",0.834685531303959,0.201549174122974,3.45672434134155,4,0,0,0.803180303078809
"Gefitinib","location","Mixed","hyper_serious",1.38974941796086,0.274008661753147,7.04869485645149,3,0,0,0.691161434919682
"Lazertinib","location","Mixed","hyper_serious",1.36963536694414,0.207992797102836,9.01906731633945,2,0.363574946445788,1.52832317208522,0.74360064164551
"Gefitinib","location","Non-Asian","arrhy_total",0.0656111321722454,0.00876485999927693,0.491145399387895,2,0.187448917259623,0.553790970798788,0.00799578153941415
"Erlotinib","location","Non-Asian","arrhy_total",1.43539964754939,0.818071720474082,2.51857153427929,4,0,0,0.207680486873959
"Almonertinib","location","Asian","arrhy_total",1.04264502762431,0.615001931688569,1.76765079525018,1,NA,NA,0.876781630950415
"Gefitinib","location","Asian","arrhy_total",0.92456566481804,0.616800617036083,1.38589626039628,5,0,0,0.704116709927507
"Osimertinib","location","Asian","arrhy_total",0.757970910571255,0.359945633062557,1.59612966098235,3,0.624586438595173,2.17709576141715,0.465799884353015
"Afatinib","location","Asian","arrhy_total",0.714285714285714,0.182239420516651,2.79963621584297,1,NA,NA,0.629244433104853
"Furmonertinib","location","Asian","arrhy_total",1.15445134575569,0.557697544922174,2.38975036173616,1,NA,NA,0.698824304942343
"Befotertinib","location","Asian","arrhy_total",1.12382595361319,0.680529886161354,1.85588436260849,1,NA,NA,0.648297950545802
"Icotinib","location","Asian","arrhy_total",0.889817499573597,0.538826674844374,1.46944317999122,1,NA,NA,0.648297950545802
"Zorifertinib","location","Asian","arrhy_total",1.1362617660242,0.626590729856357,2.06050096084955,1,NA,NA,0.674010756683144
"Erlotinib","location","Mixed","arrhy_total",0.833601445755751,0.632502863052242,1.09863750973833,20,0.451589124741218,0.403056362503258,0.1963196310543
"Osimertinib","location","Mixed","arrhy_total",1.48242403466352,1.09591441550009,2.00524875616794,9,0.662902263857783,0.576415466305129,0.0106433251387994
"Afatinib","location","Mixed","arrhy_total",1.71755996922136,0.868573548326844,3.39638739120524,5,0.00717259434976454,0.00585569535724905,0.119966078308253
"Gefitinib","location","Mixed","arrhy_total",3.01885681550555,0.312513058697068,29.161970096611,2,0,0,0.339668298603893
"Dacomitinib","location","Mixed","arrhy_total",0.549111476932168,0.248262158234235,1.21453634433541,2,0,0,0.138853112732727
"Lazertinib","location","Mixed","arrhy_total",1.6673229765991,0.460392199120186,6.03825589053817,3,0,0,0.436217966799051
"Erlotinib","location","Non-Asian","hf_total",0.529572222984369,0.16926249540242,1.65687465903092,2,0,0,0.274692326191492
"Gefitinib","location","Non-Asian","hf_total",0.329690346083789,0.0132551139243603,8.20028593651592,1,NA,NA,0.498592298406272
"Erlotinib","location","Asian","hf_total",0.326810440000337,0.0335817339180994,3.18045113315753,2,0,0,0.335378528413914
"Almonertinib","location","Asian","hf_total",0.333333333333333,0.0135034420624435,8.22835471113988,1,NA,NA,0.501846780890261
"Gefitinib","location","Asian","hf_total",0.932683749471165,0.303843376558166,2.86298482587151,5,0.0556820824597566,0.15306901572816,0.90306951481729
"Icotinib","location","Asian","hf_total",7.07088607594937,0.362864731432578,137.785311076297,1,NA,NA,0.196731132547626
"Afatinib","location","Asian","hf_total",0.156576200417537,0.00632876141745649,3.87376058600824,1,NA,NA,0.257341346248572
"Erlotinib","location","Mixed","hf_total",0.880991419841505,0.51944200101972,1.49419161390626,16,0,0,0.638295049061853
"Osimertinib","location","Mixed","hf_total",0.717803384134587,0.450004927833903,1.1449690134621,8,0.542133489663302,0.957465068427821,0.164007811695524
"Afatinib","location","Mixed","hf_total",1.06826370092633,0.325054638701091,3.51075542031015,2,0,0,0.913377385056233
"Dacomitinib","location","Mixed","hf_total",1,0.0623499876097063,16.0384955689121,1,NA,NA,1
"Gefitinib","location","Mixed","hf_total",1.4790073183381,0.245754015101229,8.90102506279143,2,0.305778011724785,1.11987148148143,0.669097012678428
"Lazertinib","location","Mixed","hf_total",0.713040369880541,0.196828502390139,2.58309423129997,3,0,0,0.606562295564002
"Erlotinib","location","Non-Asian","vt_total",0.779270895516709,0.52864714841879,1.14871163197563,7,0.434022979582029,0.367637893875027,0.207780062184853
"Gefitinib","location","Non-Asian","vt_total",0.291940488994787,0.12150188646404,0.70146441009984,2,0,0,0.00590966292636446
"Erlotinib","location","Asian","vt_total",1.05479194110166,0.484267409823772,2.29746213856905,6,0,0,0.89316126959337
"Almonertinib","location","Asian","vt_total",26.6049382716049,1.56501502384743,452.278559406925,1,NA,NA,0.023219055142281
"Gefitinib","location","Asian","vt_total",0.41043001105756,0.225966904398432,0.745475512996754,9,0.0742863598931775,0.0939687479150172,0.00344908457944987
"Afatinib","location","Asian","vt_total",0.156576200417537,0.00632876141745649,3.87376058600824,1,NA,NA,0.257341346248572
"Befotertinib","location","Asian","vt_total",34.6488549618321,8.28581870170048,144.891312903056,1,NA,NA,1.19351029819182e-06
"Icotinib","location","Asian","vt_total",0.0288609825952853,0.00690172502383965,0.12068813426907,1,NA,NA,1.19351029819182e-06
"Erlotinib","location","Mixed","vt_total",0.741379225064362,0.607706005586974,0.904455691245214,26,0.195823191992996,0.0736961040134736,0.0031785964950843
"Osimertinib","location","Mixed","vt_total",0.392547909596837,0.312195882985139,0.493580696373826,8,0.870634168028831,1.07379861952347,1.22086573186264e-15
"Gefitinib","location","Mixed","vt_total",0.484001267581041,0.290735488748596,0.805740049239811,5,0.0723998117447579,0.0345571329050259,0.00526144677862648
"Afatinib","location","Mixed","vt_total",1.25513983520331,0.80668110113723,1.95291051655143,5,0.216983984589347,0.080226311484916,0.313687477749478
"Dacomitinib","location","Mixed","vt_total",0.971739533609314,0.541682640800763,1.74323053768777,4,0,0,0.923406269616422
"Lazertinib","location","Mixed","vt_total",0.559916795386171,0.423149056168957,0.740889795652387,3,0.955172759609389,1.68617099846348,4.93315194852596e-05
"Gefitinib","location","Non-Asian","hyper_total",0.0641025641025641,0.00818210638346544,0.502210376148026,1,NA,NA,0.00890393439802643
"Erlotinib","location","Non-Asian","hyper_total",0.255779217665295,0.142499993246367,0.459108851158758,2,0.340614593215194,0.30457260406309,4.91841056788622e-06
"Erlotinib","location","Asian","hyper_total",0.160886417042861,0.11571287058153,0.223695420041035,5,0.829152782606883,1.00434743846814,1.69194786927341e-27
"Almonertinib","location","Asian","hyper_total",1.2751256281407,0.582269776827741,2.79242617811888,1,NA,NA,0.543383556561631
"Gefitinib","location","Asian","hyper_total",0.418238434901602,0.316841962543364,0.552084032761289,7,0.881903621514289,1.36606973248491,7.57963569317725e-10
"Osimertinib","location","Asian","hyper_total",0.103981811429259,0.0458874076120582,0.235624927856435,3,0.388716968310716,0.472884823077694,5.84850217384402e-08
"Osimertinib","location","Mixed","hyper_total",0.610472874427204,0.4526268007556,0.823365142738516,8,0.610761047754803,0.332208298916935,0.00122381795074782
"Erlotinib","location","Mixed","hyper_total",0.212956403873076,0.169335421460309,0.267814197168326,12,0.563291291495594,0.253076497758434,6.23406003239433e-40
"Afatinib","location","Mixed","hyper_total",0.914166700587249,0.563651762717474,1.48265438297133,5,0.421698277441509,0.332055129429499,0.716058811663892
"Dacomitinib","location","Mixed","hyper_total",0.88301282051282,0.460972883928994,1.69144795360698,1,NA,NA,0.707546249645577
"Gefitinib","location","Mixed","hyper_total",1.19484861026708,0.714692166507049,1.99759178617371,4,0,0,0.497189433243489
"Lazertinib","location","Mixed","hyper_total",1.18222783842859,0.754043760381803,1.85355643185463,3,0,0,0.46564274042082
"Almonertinib","follow_up","<2 years","cardiac_serious",2.54784688995215,0.488878676235724,13.2783941910136,1,NA,NA,0.266851254962214
"Gefitinib","follow_up","<2 years","cardiac_serious",0.546476506310977,0.221246607633609,1.34979051269524,3,0,0,0.190264650229331
"Osimertinib","follow_up","<2 years","cardiac_serious",1.11409223566314,0.333414831070177,3.72269435519997,2,0.429788022887382,1.15678852035149,0.860667350503633
"Erlotinib","follow_up","<2 years","cardiac_serious",1.00260102834751,0.688433461476164,1.46013940096415,9,0,0,0.989194525037964
"Afatinib","follow_up","<2 years","cardiac_serious",0.912212198734348,0.184336906700411,4.51418606514948,2,0.059164188365116,0.117575216303629,0.910334219014547
"Dacomitinib","follow_up","<2 years","cardiac_serious",0.794339622641509,0.367430962267246,1.71726256329842,1,NA,NA,0.558330117805369
"Furmonertinib","follow_up","<2 years","cardiac_serious",1.42456140350877,0.443517496528383,4.57563728207284,1,NA,NA,0.552264097872143
"Zorifertinib","follow_up","<2 years","cardiac_serious",2.70440251572327,0.707857163219053,10.3323005644107,1,NA,NA,0.145739966373612
"Erlotinib","follow_up",">=2 years","cardiac_serious",0.967519813703128,0.573599370617081,1.63196585955295,8,0,0,0.901483381533261
"Osimertinib","follow_up",">=2 years","cardiac_serious",0.186842105263158,0.0213061705369778,1.63849117036688,1,NA,NA,0.12996462126151
"Dacomitinib","follow_up",">=2 years","cardiac_serious",0.986725663716814,0.0613391128481804,15.8728662712681,1,NA,NA,0.992477453893862
"Gefitinib","follow_up",">=2 years","cardiac_serious",0.854714737499151,0.402906715614456,1.81316730197493,4,0,0,0.682445783287069
"Afatinib","follow_up",">=2 years","cardiac_serious",0.993506493506494,0.313484821445083,3.148653730951,1,NA,NA,0.991168006609902
"Almonertinib","follow_up","<2 years","cardiac_total",1.11542390194076,0.666092640058041,1.86786402701031,1,NA,NA,0.677946130262215
"Gefitinib","follow_up","<2 years","cardiac_total",0.869641584236513,0.573557853382154,1.31857053403381,3,0,0,0.510720396496154
"Osimertinib","follow_up","<2 years","cardiac_total",0.653741292083827,0.317954069149389,1.34414910341855,3,0.389838697904345,0.436693168256453,0.247783421592671
"Erlotinib","follow_up","<2 years","cardiac_total",1.06351661026685,0.800467922081999,1.41300800333335,10,0.0240316394031723,0.00671063254652106,0.670998111547333
"Afatinib","follow_up","<2 years","cardiac_total",0.632148377125193,0.204688516212443,1.95229111088609,2,0,0,0.425360587408486
"Dacomitinib","follow_up","<2 years","cardiac_total",0.667016706443914,0.354898100823999,1.25363107224946,1,NA,NA,0.208454910336467
"Furmonertinib","follow_up","<2 years","cardiac_total",1.15445134575569,0.557697544922174,2.38975036173616,1,NA,NA,0.698824304942343
"Befotertinib","follow_up","<2 years","cardiac_total",1.12382595361319,0.680529886161354,1.85588436260849,1,NA,NA,0.648297950545802
"Icotinib","follow_up","<2 years","cardiac_total",0.889817499573597,0.538826674844374,1.46944317999122,1,NA,NA,0.648297950545802
"Zorifertinib","follow_up","<2 years","cardiac_total",1.1362617660242,0.626590729856357,2.06050096084955,1,NA,NA,0.674010756683144
"Erlotinib","follow_up",">=2 years","cardiac_total",0.976727655261005,0.663261326637586,1.43834243643899,8,0.0746676386555206,0.0406127374689992,0.905081954541822
"Osimertinib","follow_up",">=2 years","cardiac_total",0.216666666666667,0.0867611645802704,0.541076697985215,1,NA,NA,0.00105549087397629
"Gefitinib","follow_up",">=2 years","cardiac_total",0.871246793508351,0.431582350118988,1.75880912412036,5,0,0,0.700562228877068
"Dacomitinib","follow_up",">=2 years","cardiac_total",0.986725663716814,0.0613391128481804,15.8728662712681,1,NA,NA,0.992477453893862
"Afatinib","follow_up",">=2 years","cardiac_total",0.993506493506494,0.313484821445083,3.148653730951,1,NA,NA,0.991168006609902
"Almonertinib","follow_up","<2 years","vascular_serious",22.1295843520782,1.28844347559127,380.085361036899,1,NA,NA,0.032789409816675
"Gefitinib","follow_up","<2 years","vascular_serious",0.298942162145262,0.208892751851546,0.427810038960061,5,0.901787896805921,4.65945576309337,4.0323083911694e-11
"Osimertinib","follow_up","<2 years","vascular_serious",0.442053606542922,0.212605807229342,0.919125369171177,3,0.438260243049165,0.526056685311649,0.0288323275910369
"Erlotinib","follow_up","<2 years","vascular_serious",0.430721273451814,0.321749093145039,0.576600896029016,10,0.680559658128292,0.622611505389075,1.51659111484861e-08
"Afatinib","follow_up","<2 years","vascular_serious",0.843468468468469,0.24167227314109,2.94381746012378,1,NA,NA,0.789520836762967
"Dacomitinib","follow_up","<2 years","vascular_serious",1.14552736982644,0.411760960785594,3.18688044762155,1,NA,NA,0.794664293742057
"Befotertinib","follow_up","<2 years","vascular_serious",16.0778443113772,2.10065037324151,123.055735972854,1,NA,NA,0.00747796990542565
"Icotinib","follow_up","<2 years","vascular_serious",0.0621973929236499,0.00812639892073455,0.476043044924654,1,NA,NA,0.00747796990542565
"Erlotinib","follow_up",">=2 years","vascular_serious",0.285743243459619,0.196102383125867,0.416360066009075,9,0.708433765870973,1.05981281628274,6.94736660582153e-11
"Osimertinib","follow_up",">=2 years","vascular_serious",0.986486486486487,0.192772669320262,5.04820310603109,1,NA,NA,0.986968383247453
"Gefitinib","follow_up",">=2 years","vascular_serious",0.62791301376844,0.335418235828976,1.17547202490445,7,0,0,0.145776456898321
"Dacomitinib","follow_up",">=2 years","vascular_serious",4.97782705099778,0.237642600266682,104.26902466914,1,NA,NA,0.301086810691803
"Afatinib","follow_up",">=2 years","vascular_serious",1.51986754966887,0.528056445269827,4.37452736204385,1,NA,NA,0.437682885590115
"Almonertinib","follow_up","<2 years","vascular_total",2.23765432098765,1.09326434301913,4.5799507614117,1,NA,NA,0.0275270083710019
"Gefitinib","follow_up","<2 years","vascular_total",0.339255717467919,0.248173827578838,0.463765429890507,5,0.893959422405414,1.47895817564524,1.22519269604769e-11
"Osimertinib","follow_up","<2 years","vascular_total",0.23608712971503,0.143744028267455,0.387752684329779,3,0.819691463285397,1.29302473519213,1.18169938945128e-08
"Erlotinib","follow_up","<2 years","vascular_total",0.383664288170601,0.314540501513923,0.467978798625202,10,0.716659919224499,0.307433684808383,3.33490785488662e-21
"Afatinib","follow_up","<2 years","vascular_total",0.521634615384615,0.265497148213996,1.0248798293989,1,NA,NA,0.0589395339685251
"Dacomitinib","follow_up","<2 years","vascular_total",1.14552736982644,0.411760960785594,3.18688044762155,1,NA,NA,0.794664293742057
"Befotertinib","follow_up","<2 years","vascular_total",34.6488549618321,8.28581870170048,144.891312903056,1,NA,NA,1.19351029819182e-06
"Icotinib","follow_up","<2 years","vascular_total",0.0288609825952853,0.00690172502383965,0.12068813426907,1,NA,NA,1.19351029819182e-06
"Erlotinib","follow_up",">=2 years","vascular_total",0.265009653336063,0.199688639531891,0.351698106241463,9,0.846727196076175,1.41029020802345,3.68128612914928e-20
"Osimertinib","follow_up",">=2 years","vascular_total",0.174840085287846,0.0783194275461242,0.390312549277235,1,NA,NA,2.08050514595609e-05
"Gefitinib","follow_up",">=2 years","vascular_total",0.690150684800836,0.483457608421353,0.985211442397948,8,0.0478878140941844,0.0152640164842019,0.0411512296787793
"Dacomitinib","follow_up",">=2 years","vascular_total",0.985436893203884,0.522135955361109,1.85983336431164,1,NA,NA,0.963892749061597
"Afatinib","follow_up",">=2 years","vascular_total",1.125,0.422766099587945,2.99367664823068,1,NA,NA,0.813533548303033
"Almonertinib","follow_up","<2 years","arrhy_serious",2.0188679245283,0.181695962388007,22.4321313645121,1,NA,NA,0.56743581257916
"Gefitinib","follow_up","<2 years","arrhy_serious",0.610944821557972,0.226658096339787,1.6467692132601,3,0,0,0.330063405869666
"Osimertinib","follow_up","<2 years","arrhy_serious",0.642714421235205,0.133225991748203,3.10060988732911,2,0.07672251859536,0.15695965293016,0.581926303898696
"Erlotinib","follow_up","<2 years","arrhy_serious",1.39570952240634,0.72385922864596,2.69113799181596,7,0,0,0.319603502617145
"Afatinib","follow_up","<2 years","arrhy_serious",0.766246099579433,0.116964583314059,5.01975100910842,2,0.428810317375602,2.02918467767641,0.781295662074112
"Dacomitinib","follow_up","<2 years","arrhy_serious",0.66358024691358,0.185949107707189,2.36806053830214,1,NA,NA,0.527501801634482
"Furmonertinib","follow_up","<2 years","arrhy_serious",1.42456140350877,0.443517496528383,4.57563728207284,1,NA,NA,0.552264097872143
"Zorifertinib","follow_up","<2 years","arrhy_serious",2.70440251572327,0.707857163219053,10.3323005644107,1,NA,NA,0.145739966373612
"Osimertinib","follow_up",">=2 years","arrhy_serious",0.135483870967742,0.00687940572624582,2.66823618533992,1,NA,NA,0.188661502663728
"Erlotinib","follow_up",">=2 years","arrhy_serious",1.26145234527572,0.374714204838061,4.24660180707403,4,0,0,0.707640404610918
"Afatinib","follow_up",">=2 years","arrhy_serious",0.329179646936656,0.0133095183806971,8.14148467719886,1,NA,NA,0.497236448351952
"Gefitinib","follow_up",">=2 years","arrhy_serious",3.03785488958991,0.122827719961276,75.1341988039411,1,NA,NA,0.497236448351952
"Almonertinib","follow_up","<2 years","hf_serious",0.333333333333333,0.0135034420624435,8.22835471113988,1,NA,NA,0.501846780890261
"Gefitinib","follow_up","<2 years","hf_serious",3,0.121530978561991,74.0551924002589,1,NA,NA,0.50184678089026
"Erlotinib","follow_up","<2 years","hf_serious",1.56665941805808,0.676415648605772,3.62857029882314,6,0,0,0.294798154393818
"Osimertinib","follow_up","<2 years","hf_serious",2.45945945945946,0.117263996347906,51.5839560403369,1,NA,NA,0.562190080087164
"Dacomitinib","follow_up","<2 years","hf_serious",1,0.0623499876097063,16.0384955689121,1,NA,NA,1
"Osimertinib","follow_up",">=2 years","hf_serious",0.192258064516129,0.0090781244364227,4.07167401486442,1,NA,NA,0.289790590496442
"Erlotinib","follow_up",">=2 years","hf_serious",0.588004198276988,0.108490910325225,3.18689313376491,3,0,0,0.538011403453838
"Gefitinib","follow_up",">=2 years","hf_serious",1.46003117345803,0.243216801319571,8.7645714272359,2,0.321450701675794,1.20613734692544,0.678968884478095
"Almonertinib","follow_up","<2 years","vt_serious",26.6049382716049,1.56501502384743,452.278559406925,1,NA,NA,0.023219055142281
"Gefitinib","follow_up","<2 years","vt_serious",0.251763847450867,0.0892846055904587,0.709921206058809,4,0.412697131056827,1.30650194410723,0.00911521383683364
"Erlotinib","follow_up","<2 years","vt_serious",0.582070984976761,0.433324509020216,0.78187737942146,11,0.36101182721322,0.174056461963221,0.000325425865384998
"Osimertinib","follow_up","<2 years","vt_serious",0.685077004779607,0.254959763378825,1.84080223584322,1,NA,NA,0.453263021992267
"Afatinib","follow_up","<2 years","vt_serious",0.570403587443946,0.170240421090186,1.91118096680789,1,NA,NA,0.362807235145276
"Dacomitinib","follow_up","<2 years","vt_serious",0.842171945701357,0.373095344642948,1.9009982201873,1,NA,NA,0.679227716277391
"Erlotinib","follow_up",">=2 years","vt_serious",0.603834793556932,0.377545164198199,0.96575586839865,9,0,0,0.0352574098431452
"Osimertinib","follow_up",">=2 years","vt_serious",2.02739726027397,0.360182553228226,11.4118232938449,1,NA,NA,0.422741591250678
"Gefitinib","follow_up",">=2 years","vt_serious",0.542650203765408,0.288302615678366,1.02138942775029,7,0,0,0.0581749209289645
"Dacomitinib","follow_up",">=2 years","vt_serious",1.98222222222222,0.178463524285555,22.0168516451832,1,NA,NA,0.577522800334764
"Afatinib","follow_up",">=2 years","vt_serious",1.92031098153547,0.745337961601035,4.94754655711422,1,NA,NA,0.176607920864712
"Osimertinib","follow_up","<2 years","hyper_serious",0.262296745080693,0.079363225745357,0.866894986106977,2,0.685277889075334,3.03849826104336,0.028224593274084
"Gefitinib","follow_up","<2 years","hyper_serious",0.299764075325393,0.205003999208904,0.438325599512425,2,0.972164194152126,6.05044490934116,5.15013227960874e-10
"Erlotinib","follow_up","<2 years","hyper_serious",0.0697222414873817,0.023741613519809,0.204754026257263,5,0.246014369273326,0.618416486051188,1.26389095835853e-06
"Erlotinib","follow_up",">=2 years","hyper_serious",0.147336697541774,0.0839363467092163,0.258625771713896,5,0.635642366711865,1.02885378989714,2.54425929893689e-11
"Osimertinib","follow_up",">=2 years","hyper_serious",0.324731182795699,0.0130232506371017,8.0970829801492,1,NA,NA,0.493080023437552
"Gefitinib","follow_up",">=2 years","hyper_serious",1.24305707123136,0.332130623858138,4.65235895560858,3,0,0,0.746614305647383
"Afatinib","follow_up",">=2 years","hyper_serious",0.329179646936656,0.0133095183806971,8.14148467719886,1,NA,NA,0.497236448351952
"Almonertinib","follow_up","<2 years","arrhy_total",1.04264502762431,0.615001931688569,1.76765079525018,1,NA,NA,0.876781630950415
"Gefitinib","follow_up","<2 years","arrhy_total",0.907172978129338,0.594589519085022,1.38408563527063,3,0,0,0.651284144112961
"Osimertinib","follow_up","<2 years","arrhy_total",0.512359845238448,0.229268143447131,1.14500255929931,3,0,0,0.10311648445642
"Erlotinib","follow_up","<2 years","arrhy_total",1.55876616460423,1.03435323159178,2.34905434788055,8,0,0,0.0338896843050319
"Afatinib","follow_up","<2 years","arrhy_total",0.553972670500216,0.161430870623689,1.90103490413877,2,0,0,0.347809876415619
"Dacomitinib","follow_up","<2 years","arrhy_total",0.55327868852459,0.241815905030729,1.26591055760617,1,NA,NA,0.161032425191028
"Furmonertinib","follow_up","<2 years","arrhy_total",1.15445134575569,0.557697544922174,2.38975036173616,1,NA,NA,0.698824304942343
"Befotertinib","follow_up","<2 years","arrhy_total",1.12382595361319,0.680529886161354,1.85588436260849,1,NA,NA,0.648297950545802
"Icotinib","follow_up","<2 years","arrhy_total",0.889817499573597,0.538826674844374,1.46944317999122,1,NA,NA,0.648297950545802
"Zorifertinib","follow_up","<2 years","arrhy_total",1.1362617660242,0.626590729856357,2.06050096084955,1,NA,NA,0.674010756683144
"Osimertinib","follow_up",">=2 years","arrhy_total",0.336538461538462,0.113670183028457,0.996375065801743,1,NA,NA,0.0492383962555814
"Erlotinib","follow_up",">=2 years","arrhy_total",1.01034058656439,0.475634533065016,2.14616061260576,4,0,0,0.978648711357327
"Gefitinib","follow_up",">=2 years","arrhy_total",1.40162777698865,0.274546047682491,7.15566820870112,2,0,0,0.684805181765617
"Afatinib","follow_up",">=2 years","arrhy_total",0.329179646936656,0.0133095183806971,8.14148467719886,1,NA,NA,0.497236448351952
"Almonertinib","follow_up","<2 years","hf_total",0.333333333333333,0.0135034420624435,8.22835471113988,1,NA,NA,0.501846780890261
"Gefitinib","follow_up","<2 years","hf_total",3,0.121530978561991,74.0551924002589,1,NA,NA,0.50184678089026
"Erlotinib","follow_up","<2 years","hf_total",1.07738864102582,0.511937576156286,2.26739809280401,7,0,0,0.844343098322089
"Osimertinib","follow_up","<2 years","hf_total",2.45945945945946,0.117263996347906,51.5839560403369,1,NA,NA,0.562190080087164
"Dacomitinib","follow_up","<2 years","hf_total",1,0.0623499876097063,16.0384955689121,1,NA,NA,1
"Erlotinib","follow_up",">=2 years","hf_total",0.723999844292899,0.201716343617892,2.59857860367071,5,0,0,0.62036632429604
"Osimertinib","follow_up",">=2 years","hf_total",0.0777511961722488,0.00977463632422703,0.618462754591902,1,NA,NA,0.0157731665990288
"Gefitinib","follow_up",">=2 years","hf_total",1.46003117345803,0.243216801319571,8.7645714272359,2,0.321450701675794,1.20613734692544,0.678968884478095
"Almonertinib","follow_up","<2 years","vt_total",26.6049382716049,1.56501502384743,452.278559406925,1,NA,NA,0.023219055142281
"Gefitinib","follow_up","<2 years","vt_total",0.40045779767635,0.178510824327887,0.898356995009067,4,0.534891992178217,1.76107666940908,0.0264199738739008
"Erlotinib","follow_up","<2 years","vt_total",0.687268789653252,0.530471489752183,0.890412394174293,11,0.543113964135271,0.281520394416862,0.00453321055075066
"Osimertinib","follow_up","<2 years","vt_total",0.685077004779607,0.254959763378825,1.84080223584322,1,NA,NA,0.453263021992267
"Afatinib","follow_up","<2 years","vt_total",0.570403587443946,0.170240421090186,1.91118096680789,1,NA,NA,0.362807235145276
"Dacomitinib","follow_up","<2 years","vt_total",0.842171945701357,0.373095344642948,1.9009982201873,1,NA,NA,0.679227716277391
"Befotertinib","follow_up","<2 years","vt_total",34.6488549618321,8.28581870170048,144.891312903056,1,NA,NA,1.19351029819182e-06
"Icotinib","follow_up","<2 years","vt_total",0.0288609825952853,0.00690172502383965,0.12068813426907,1,NA,NA,1.19351029819182e-06
"Erlotinib","follow_up",">=2 years","vt_total",0.646401742580315,0.436071442520029,0.95818063754926,9,0.0051518499730901,0.00213895949442129,0.0298045271874663
"Osimertinib","follow_up",">=2 years","vt_total",2.02739726027397,0.360182553228226,11.4118232938449,1,NA,NA,0.422741591250678
"Gefitinib","follow_up",">=2 years","vt_total",0.428229283035563,0.256016817638652,0.716282315125017,8,0,0,0.00123222303952686
"Dacomitinib","follow_up",">=2 years","vt_total",1.98222222222222,0.178463524285555,22.0168516451832,1,NA,NA,0.577522800334764
"Afatinib","follow_up",">=2 years","vt_total",1.92031098153547,0.745337961601035,4.94754655711422,1,NA,NA,0.176607920864712
"Almonertinib","follow_up","<2 years","hyper_total",1.2751256281407,0.582269776827741,2.79242617811888,1,NA,NA,0.543383556561631
"Gefitinib","follow_up","<2 years","hyper_total",0.369286205639839,0.269938226917445,0.505198182684871,3,0.950475367264499,1.77900890970821,4.65170102091758e-10
"Osimertinib","follow_up","<2 years","hyper_total",0.173161824507445,0.0959292095574813,0.312574424464324,3,0.740374518121927,0.968264374792792,5.91657276335055e-09
"Erlotinib","follow_up","<2 years","hyper_total",0.209800962615166,0.15446755635937,0.284955915349925,6,0.170297807267091,0.0351597240643933,1.57922834346783e-23
"Afatinib","follow_up","<2 years","hyper_total",0.451162790697674,0.20710125219364,0.982842264612653,1,NA,NA,0.0451205696301289
"Erlotinib","follow_up",">=2 years","hyper_total",0.190654962518992,0.134521469820187,0.270211995019872,5,0.877239571227788,1.51023566140103,1.22939605815226e-20
"Osimertinib","follow_up",">=2 years","hyper_total",0.13030303030303,0.052994867759818,0.320387245480141,1,NA,NA,9.01116114007209e-06
"Gefitinib","follow_up",">=2 years","hyper_total",1.00110618472664,0.620500351656732,1.61517006464544,5,0,0,0.996385548840798
"Dacomitinib","follow_up",">=2 years","hyper_total",0.88301282051282,0.460972883928994,1.69144795360698,1,NA,NA,0.707546249645577
"Afatinib","follow_up",">=2 years","hyper_total",0.329179646936656,0.0133095183806971,8.14148467719886,1,NA,NA,0.497236448351952
"Almonertinib","median_age","<65 years","cardiac_serious",2.54784688995215,0.488878676235724,13.2783941910136,1,NA,NA,0.266851254962214
"Gefitinib","median_age","<65 years","cardiac_serious",0.708205895237374,0.411976756890718,1.21743661908095,8,0,0,0.211962652208884
"Erlotinib","median_age","<65 years","cardiac_serious",0.757852128012977,0.587851450818324,0.977015276791923,22,0.190586889531117,0.10378681579312,0.0324046365537747
"Osimertinib","median_age","<65 years","cardiac_serious",0.82777825161544,0.552526868980845,1.24015115339354,6,0,0,0.359451647323313
"Dacomitinib","median_age","<65 years","cardiac_serious",0.806707831065899,0.383888755713258,1.69522424144441,2,0,0,0.5707793285822
"Afatinib","median_age","<65 years","cardiac_serious",1.19960817584116,0.591470098427916,2.43302202320941,4,0.227924236272605,0.201699320742687,0.613957829886677
"Icotinib","median_age","<65 years","cardiac_serious",7.07088607594937,0.362864731432578,137.785311076297,1,NA,NA,0.196731132547626
"Furmonertinib","median_age","<65 years","cardiac_serious",1.42456140350877,0.443517496528383,4.57563728207284,1,NA,NA,0.552264097872143
"Lazertinib","median_age","<65 years","cardiac_serious",1.02874645490641,0.556297539099917,1.9024338489702,2,0,0,0.928007998110882
"Zorifertinib","median_age","<65 years","cardiac_serious",2.70440251572327,0.707857163219053,10.3323005644107,1,NA,NA,0.145739966373612
"Erlotinib","median_age",">=65 years","cardiac_serious",1.38778334420907,0.523125249042979,3.68160897220597,6,0,0,0.510325494845031
"Osimertinib","median_age",">=65 years","cardiac_serious",1.13542825775065,0.554660903061768,2.324298181794,3,0.661533721422072,1.90566207056052,0.728233578120174
"Afatinib","median_age",">=65 years","cardiac_serious",0.976190476190476,0.0600513497843572,15.8688830347194,1,NA,NA,0.986486238662663
"Gefitinib","median_age",">=65 years","cardiac_serious",0.826086360943402,0.262449074325071,2.60019463772795,2,0,0,0.743990608252564
"Gefitinib","median_age","<65 years","cardiac_total",0.745659299003204,0.536077820545701,1.03717738149278,11,0,0,0.0813064496074124
"Almonertinib","median_age","<65 years","cardiac_total",1.11542390194076,0.666092640058041,1.86786402701031,1,NA,NA,0.677946130262215
"Erlotinib","median_age","<65 years","cardiac_total",0.896867892022659,0.735566981666077,1.09354013405991,23,0.267837270698068,0.101492726394958,0.281926434133005
"Osimertinib","median_age","<65 years","cardiac_total",1.11691037275634,0.852481502277638,1.46336170044476,7,0.714050694901555,0.441025283712798,0.422489702311887
"Dacomitinib","median_age","<65 years","cardiac_total",0.679819364691869,0.367609809703901,1.25718725782184,2,0,0,0.218578307405459
"Afatinib","median_age","<65 years","cardiac_total",1.19960817584116,0.591470098427916,2.43302202320941,4,0.227924236272605,0.201699320742687,0.613957829886677
"Icotinib","median_age","<65 years","cardiac_total",0.982391982941252,0.604563645987749,1.5963480678208,2,0.458415626448322,0.99933959720615,0.942825301998251
"Furmonertinib","median_age","<65 years","cardiac_total",1.15445134575569,0.557697544922174,2.38975036173616,1,NA,NA,0.698824304942343
"Befotertinib","median_age","<65 years","cardiac_total",1.12382595361319,0.680529886161354,1.85588436260849,1,NA,NA,0.648297950545802
"Lazertinib","median_age","<65 years","cardiac_total",1.02874645490641,0.556297539099917,1.9024338489702,2,0,0,0.928007998110882
"Zorifertinib","median_age","<65 years","cardiac_total",1.1362617660242,0.626590729856357,2.06050096084955,1,NA,NA,0.674010756683144
"Erlotinib","median_age",">=65 years","cardiac_total",1.52774291350835,0.635866429101266,3.67057970503938,6,0,0,0.343339284756528
"Osimertinib","median_age",">=65 years","cardiac_total",0.95811322974777,0.653452260316283,1.40481717910561,4,0.875864184286698,1.68191265493192,0.82653812970641
"Afatinib","median_age",">=65 years","cardiac_total",0.972972972972973,0.396968248908321,2.3847660580897,1,NA,NA,0.952234700363378
"Gefitinib","median_age",">=65 years","cardiac_total",0.826086360943402,0.262449074325071,2.60019463772795,2,0,0,0.743990608252564
"Erlotinib","median_age","<65 years","vascular_serious",0.671856774280432,0.541269615884301,0.833949499287974,27,0.411502362882507,0.27770039133122,0.000310172141151464
"Gefitinib","median_age","<65 years","vascular_serious",0.336240260489764,0.245848997972091,0.459865664317487,13,0.721666538248387,1.59417783471464,8.93904354481993e-12
"Almonertinib","median_age","<65 years","vascular_serious",22.1295843520782,1.28844347559127,380.085361036899,1,NA,NA,0.032789409816675
"Osimertinib","median_age","<65 years","vascular_serious",0.47059173366504,0.332222318022239,0.666591519534949,6,0.219023475063915,0.0643057096779001,2.20563988927984e-05
"Dacomitinib","median_age","<65 years","vascular_serious",1.08987586916054,0.485435880314966,2.44693369061993,3,0,0,0.834787393601058
"Afatinib","median_age","<65 years","vascular_serious",1.50051801988847,0.779457856822577,2.88861586075786,4,0.298479622907041,0.237063392106944,0.22460563806969
"Befotertinib","median_age","<65 years","vascular_serious",16.0778443113772,2.10065037324151,123.055735972854,1,NA,NA,0.00747796990542565
"Icotinib","median_age","<65 years","vascular_serious",0.0621973929236499,0.00812639892073455,0.476043044924654,1,NA,NA,0.00747796990542565
"Lazertinib","median_age","<65 years","vascular_serious",0.710120524402336,0.446262382193875,1.12998805029991,2,0.828856454879971,0.589462057642252,0.148643265526986
"Erlotinib","median_age",">=65 years","vascular_serious",0.156123639618466,0.0964416938992295,0.252739140741195,8,0.397044447940478,0.445889191464272,4.15224010332814e-14
"Osimertinib","median_age",">=65 years","vascular_serious",0.725792558316663,0.384182513214873,1.37115776899825,5,0.381307064130386,0.485176599663647,0.323431309564243
"Gefitinib","median_age",">=65 years","vascular_serious",0.627535134225364,0.210523327786029,1.87057818641123,2,0.711667296140014,3.85652419330541,0.403065098819019
"Afatinib","median_age",">=65 years","vascular_serious",0.469512195121951,0.1134451126263,1.94315732308707,1,NA,NA,0.296817534801559
"Erlotinib","median_age","<65 years","vascular_total",0.527903049804516,0.453048489773146,0.615125392278546,27,0.495875531103442,0.186525284776126,2.64840529957351e-16
"Gefitinib","median_age","<65 years","vascular_total",0.463805925129842,0.367688161908704,0.585049937612518,14,0.770897849351413,0.808288548111055,8.92378966917125e-11
"Almonertinib","median_age","<65 years","vascular_total",2.23765432098765,1.09326434301913,4.5799507614117,1,NA,NA,0.0275270083710019
"Osimertinib","median_age","<65 years","vascular_total",0.349016628787344,0.283388154177312,0.429843680388512,6,0.885627194367816,0.686098676346105,3.97945647652262e-23
"Dacomitinib","median_age","<65 years","vascular_total",0.958352250350215,0.574371819137651,1.59903220379134,3,0,0,0.870625086090045
"Afatinib","median_age","<65 years","vascular_total",0.883971767817824,0.543861839062179,1.43677314747143,4,0.598717224957232,0.536281443662108,0.61873194091009
"Befotertinib","median_age","<65 years","vascular_total",34.6488549618321,8.28581870170048,144.891312903056,1,NA,NA,1.19351029819182e-06
"Icotinib","median_age","<65 years","vascular_total",0.0288609825952853,0.00690172502383965,0.12068813426907,1,NA,NA,1.19351029819182e-06
"Lazertinib","median_age","<65 years","vascular_total",0.493032127406959,0.374713274334904,0.648711148776054,2,0.974385274727489,1.63468340059529,4.39603187313777e-07
"Erlotinib","median_age",">=65 years","vascular_total",0.156298241794635,0.108605367583323,0.224934926621853,9,0.537191810501893,0.467393925641636,1.64606402658134e-23
"Osimertinib","median_age",">=65 years","vascular_total",0.375283198220665,0.256598922086073,0.548862316808521,5,0.881729714894224,2.14136265559479,4.35354609292618e-07
"Gefitinib","median_age",">=65 years","vascular_total",0.342926180109116,0.134969559308463,0.871295465486902,3,0.750437623073451,4.74484121439305,0.0244773043387803
"Afatinib","median_age",">=65 years","vascular_total",1.05405405405405,0.57401974061731,1.93552568013248,1,NA,NA,0.865185052008389
"Almonertinib","median_age","<65 years","arrhy_serious",2.0188679245283,0.181695962388007,22.4321313645121,1,NA,NA,0.56743581257916
"Gefitinib","median_age","<65 years","arrhy_serious",0.761439435703525,0.33106164782423,1.75130528726278,5,0,0,0.5213004570963
"Erlotinib","median_age","<65 years","arrhy_serious",0.962711249085721,0.638712191353487,1.45106506758888,18,0,0,0.855950833769485
"Osimertinib","median_age","<65 years","arrhy_serious",0.790382223159163,0.308287491466887,2.0263684903775,6,0,0,0.624335251249692
"Afatinib","median_age","<65 years","arrhy_serious",1.13209672383509,0.329358946291758,3.89132588183234,3,0.360258899683592,1.15456655632623,0.843863127462341
"Dacomitinib","median_age","<65 years","arrhy_serious",0.66358024691358,0.185949107707189,2.36806053830214,1,NA,NA,0.527501801634482
"Furmonertinib","median_age","<65 years","arrhy_serious",1.42456140350877,0.443517496528383,4.57563728207284,1,NA,NA,0.552264097872143
"Lazertinib","median_age","<65 years","arrhy_serious",2.66796445992342,0.594666799265282,11.9697860519687,2,0,0,0.200082966990724
"Zorifertinib","median_age","<65 years","arrhy_serious",2.70440251572327,0.707857163219053,10.3323005644107,1,NA,NA,0.145739966373612
"Osimertinib","median_age",">=65 years","arrhy_serious",0.619162543450647,0.201423705890955,1.90326284345009,3,0.403782483180995,1.1347286371209,0.402759271410011
"Erlotinib","median_age",">=65 years","arrhy_serious",0.254397646637912,0.0279224961181021,2.31777855178755,2,0,0,0.224640894533552
"Afatinib","median_age",">=65 years","arrhy_serious",2.96449704142012,0.119056444179517,73.8157667075748,1,NA,NA,0.507639017386107
"Almonertinib","median_age","<65 years","hf_serious",0.333333333333333,0.0135034420624435,8.22835471113988,1,NA,NA,0.501846780890261
"Gefitinib","median_age","<65 years","hf_serious",0.657175949308898,0.184837771951491,2.33653664935646,4,0,0,0.516562315137681
"Erlotinib","median_age","<65 years","hf_serious",0.939857205246504,0.52939810455408,1.66855823369034,14,0,0,0.832261948880478
"Osimertinib","median_age","<65 years","hf_serious",1.10868458768726,0.508143300507176,2.41896629110021,6,0,0,0.795482128491675
"Afatinib","median_age","<65 years","hf_serious",0.886982679760471,0.188973379438979,4.16322275936812,2,0.39566955419885,1.28897979314255,0.879170203802112
"Icotinib","median_age","<65 years","hf_serious",7.07088607594937,0.362864731432578,137.785311076297,1,NA,NA,0.196731132547626
"Dacomitinib","median_age","<65 years","hf_serious",1,0.0623499876097063,16.0384955689121,1,NA,NA,1
"Lazertinib","median_age","<65 years","hf_serious",0.568708784688671,0.117590019318361,2.7504858291282,2,0,0,0.48279375860708
"Osimertinib","median_age",">=65 years","hf_serious",2.13611101844748,0.59765941651671,7.63473335654394,2,0.725636697329478,4.72954505120125,0.24284454416357
"Gefitinib","median_age",">=65 years","hf_serious",1.48350750512026,0.24580388230435,8.95345711026309,2,0.304610891297618,1.11630919770117,0.667176724351577
"Erlotinib","median_age","<65 years","vt_serious",0.754786327784908,0.603883119533218,0.943398452752559,26,0.120261656655426,0.0532723596474873,0.0134378660959539
"Almonertinib","median_age","<65 years","vt_serious",26.6049382716049,1.56501502384743,452.278559406925,1,NA,NA,0.023219055142281
"Gefitinib","median_age","<65 years","vt_serious",0.397429502775095,0.23147044601686,0.68237743692149,11,0,0,0.000820953267467372
"Osimertinib","median_age","<65 years","vt_serious",0.470339893803955,0.338001127382727,0.654493721415972,6,0.470555545573711,0.179838318213124,7.6593764432111e-06
"Dacomitinib","median_age","<65 years","vt_serious",0.773185185540122,0.381257494440762,1.5680093896006,3,0,0,0.475799755526277
"Afatinib","median_age","<65 years","vt_serious",1.42047508868016,0.765313286340318,2.636501304204,4,0.467247980602691,0.449902881731577,0.265998154601128
"Befotertinib","median_age","<65 years","vt_serious",16.0778443113772,2.10065037324151,123.055735972854,1,NA,NA,0.00747796990542565
"Icotinib","median_age","<65 years","vt_serious",0.0621973929236499,0.00812639892073455,0.476043044924654,1,NA,NA,0.00747796990542565
"Lazertinib","median_age","<65 years","vt_serious",0.605275331512841,0.376993486614815,0.971789274736989,2,0.849099884121576,0.716326039861702,0.0376700608518864
"Erlotinib","median_age",">=65 years","vt_serious",0.816097945573848,0.358814362794053,1.85615718273832,6,0,0,0.627877518052911
"Osimertinib","median_age",">=65 years","vt_serious",2.90026970750262,1.12958621415884,7.44658908795302,2,0,0,0.0268813150148338
"Afatinib","median_age",">=65 years","vt_serious",0.375903614457831,0.070854939808783,1.99426501163926,1,NA,NA,0.25047227246671
"Gefitinib","median_age",">=65 years","vt_serious",1.63934426229508,0.38747375619629,6.93582356828929,1,NA,NA,0.501800936720095
"Gefitinib","median_age","<65 years","hyper_serious",0.328300251205027,0.229206281610875,0.470236043200004,5,0.898659121133523,3.96876525780658,1.23397646394191e-09
"Osimertinib","median_age","<65 years","hyper_serious",0.447324985684057,0.061731860678382,3.24143222994273,2,0,0,0.425954019999997
"Erlotinib","median_age","<65 years","hyper_serious",0.181847943906209,0.0906782437611433,0.364681464167109,7,0,0,1.57725934101697e-06
"Afatinib","median_age","<65 years","hyper_serious",0.690033605612383,0.0885206592957169,5.37892940091854,2,0,0,0.723252953735653
"Lazertinib","median_age","<65 years","hyper_serious",6.04941176470588,0.245399317832667,149.125853413805,1,NA,NA,0.270986099212483
"Erlotinib","median_age",">=65 years","hyper_serious",0.0882483891877268,0.0471314392615359,0.165235314606319,4,0,0,3.3011907460846e-14
"Osimertinib","median_age",">=65 years","hyper_serious",0.277794086980969,0.101526874531342,0.76008992808862,5,0,0,0.0126271203403145
"Gefitinib","median_age",">=65 years","hyper_serious",0.122413723835925,0.0134785491414364,1.11177543117827,2,0,0,0.0620642550830575
"Afatinib","median_age",">=65 years","hyper_serious",2.96449704142012,0.119056444179517,73.8157667075748,1,NA,NA,0.507639017386107
"Gefitinib","median_age","<65 years","arrhy_total",0.750715120659802,0.515635281579462,1.09296863989011,8,0,0,0.134625033999623
"Almonertinib","median_age","<65 years","arrhy_total",1.04264502762431,0.615001931688569,1.76765079525018,1,NA,NA,0.876781630950415
"Erlotinib","median_age","<65 years","arrhy_total",1.23253351251692,0.927173306215387,1.63846267930021,20,0,0,0.150041851387764
"Osimertinib","median_age","<65 years","arrhy_total",1.60543206017864,1.10989982340161,2.322202459633,7,0.627509170734368,0.716009413209918,0.0119501205630141
"Afatinib","median_age","<65 years","arrhy_total",1.13209672383509,0.329358946291758,3.89132588183234,3,0.360258899683592,1.15456655632623,0.843863127462341
"Dacomitinib","median_age","<65 years","arrhy_total",0.55327868852459,0.241815905030729,1.26591055760617,1,NA,NA,0.161032425191028
"Furmonertinib","median_age","<65 years","arrhy_total",1.15445134575569,0.557697544922174,2.38975036173616,1,NA,NA,0.698824304942343
"Befotertinib","median_age","<65 years","arrhy_total",1.12382595361319,0.680529886161354,1.85588436260849,1,NA,NA,0.648297950545802
"Icotinib","median_age","<65 years","arrhy_total",0.889817499573597,0.538826674844374,1.46944317999122,1,NA,NA,0.648297950545802
"Lazertinib","median_age","<65 years","arrhy_total",2.66796445992342,0.594666799265282,11.9697860519687,2,0,0,0.200082966990724
"Zorifertinib","median_age","<65 years","arrhy_total",1.1362617660242,0.626590729856357,2.06050096084955,1,NA,NA,0.674010756683144
"Osimertinib","median_age",">=65 years","arrhy_total",1.02238224761603,0.66170900344972,1.57964521381917,4,0.794769590271033,1.1131235079908,0.920566618090985
"Erlotinib","median_age",">=65 years","arrhy_total",0.254397646637912,0.0279224961181021,2.31777855178755,2,0,0,0.224640894533552
"Afatinib","median_age",">=65 years","arrhy_total",1.62077922077922,0.507651459862859,5.17466311082678,1,NA,NA,0.414888105510547
"Almonertinib","median_age","<65 years","hf_total",0.333333333333333,0.0135034420624435,8.22835471113988,1,NA,NA,0.501846780890261
"Gefitinib","median_age","<65 years","hf_total",0.932683749471165,0.303843376558166,2.86298482587151,5,0.0556820824597566,0.15306901572816,0.90306951481729
"Erlotinib","median_age","<65 years","hf_total",0.841279362830722,0.496268424864749,1.42614547060445,15,0,0,0.521006635845258
"Osimertinib","median_age","<65 years","hf_total",0.742953117251716,0.429795388749533,1.28428398461881,6,0.209784935816168,0.207551869194211,0.287331453736647
"Afatinib","median_age","<65 years","hf_total",0.886982679760471,0.188973379438979,4.16322275936812,2,0.39566955419885,1.28897979314255,0.879170203802112
"Icotinib","median_age","<65 years","hf_total",7.07088607594937,0.362864731432578,137.785311076297,1,NA,NA,0.196731132547626
"Dacomitinib","median_age","<65 years","hf_total",1,0.0623499876097063,16.0384955689121,1,NA,NA,1
"Lazertinib","median_age","<65 years","hf_total",0.497035463407774,0.105067286021935,2.35129564337852,2,0,0,0.377944699911982
"Erlotinib","median_age",">=65 years","hf_total",0.320430107526882,0.0128493929504376,7.99068517911522,1,NA,NA,0.487982830208293
"Osimertinib","median_age",">=65 years","hf_total",0.655045494755466,0.26711005688076,1.60639627429296,2,0.888851304555129,9.0749800600732,0.355314927989605
"Gefitinib","median_age",">=65 years","hf_total",1.48350750512026,0.24580388230435,8.95345711026309,2,0.304610891297618,1.11630919770117,0.667176724351577
"Erlotinib","median_age","<65 years","vt_total",0.805907627009494,0.658853296302028,0.985784099309324,26,0.275400674055442,0.121239108942411,0.035794479642395
"Almonertinib","median_age","<65 years","vt_total",26.6049382716049,1.56501502384743,452.278559406925,1,NA,NA,0.023219055142281
"Gefitinib","median_age","<65 years","vt_total",0.437971149153253,0.268973017200969,0.713152306081689,12,0,0,0.000903411913920124
"Osimertinib","median_age","<65 years","vt_total",0.329171945205962,0.258132597911089,0.419761666629949,6,0.861412824952996,0.808280765174263,3.29243198925254e-19
"Dacomitinib","median_age","<65 years","vt_total",0.773185185540122,0.381257494440762,1.5680093896006,3,0,0,0.475799755526277
"Afatinib","median_age","<65 years","vt_total",1.42047508868016,0.765313286340318,2.636501304204,4,0.467247980602691,0.449902881731577,0.265998154601128
"Befotertinib","median_age","<65 years","vt_total",34.6488549618321,8.28581870170048,144.891312903056,1,NA,NA,1.19351029819182e-06
"Icotinib","median_age","<65 years","vt_total",0.0288609825952853,0.00690172502383965,0.12068813426907,1,NA,NA,1.19351029819182e-06
"Lazertinib","median_age","<65 years","vt_total",0.428143381119264,0.311688051194026,0.588109663152043,2,0.965821685059274,1.65761737659856,1.62878110155299e-07
"Erlotinib","median_age",">=65 years","vt_total",0.981272627528786,0.51070988707917,1.88540694805069,6,0.190830040946863,0.212351581175357,0.954753478463544
"Osimertinib","median_age",">=65 years","vt_total",2.90026970750262,1.12958621415884,7.44658908795302,2,0,0,0.0268813150148338
"Gefitinib","median_age",">=65 years","vt_total",0.638238433759567,0.216316987075064,1.88310822851149,2,0.707977064128236,3.32738542843349,0.415969281831501
"Afatinib","median_age",">=65 years","vt_total",0.678571428571428,0.20647616841733,2.23008392301618,1,NA,NA,0.522975358574145
"Erlotinib","median_age","<65 years","hyper_total",0.277642083996958,0.214942751780057,0.358630966468004,9,0.564739355672998,0.247478517997197,9.97676482111684e-23
"Gefitinib","median_age","<65 years","hyper_total",0.481858868603692,0.37556583437128,0.618235068268994,9,0.862501449617754,1.16026426686363,9.36296952758329e-09
"Almonertinib","median_age","<65 years","hyper_total",1.2751256281407,0.582269776827741,2.79242617811888,1,NA,NA,0.543383556561631
"Osimertinib","median_age","<65 years","hyper_total",0.693410944685692,0.480496656664322,1.00067030964964,5,0,0,0.0504199981856879
"Dacomitinib","median_age","<65 years","hyper_total",0.88301282051282,0.460972883928994,1.69144795360698,1,NA,NA,0.707546249645577
"Afatinib","median_age","<65 years","hyper_total",0.477172972887281,0.230440850013251,0.988080221197727,3,0,0,0.0463433048460682
"Lazertinib","median_age","<65 years","hyper_total",1.38633235694542,0.830012252369558,2.31552895565946,2,0,0,0.211995042125092
"Erlotinib","median_age",">=65 years","hyper_total",0.114544575386038,0.0752839059120596,0.174279742680911,5,0.482242077323845,0.242206433807296,4.56016444239355e-24
"Osimertinib","median_age",">=65 years","hyper_total",0.27080716911612,0.175824307488536,0.417101161336686,5,0.846193029872774,1.89242690816674,3.06805207949587e-09
"Gefitinib","median_age",">=65 years","hyper_total",0.0723947256486602,0.00805980554567554,0.650263368271559,2,0.457237470589001,2.36659528405215,0.0190671700976156
"Afatinib","median_age",">=65 years","hyper_total",1.65466297322253,0.835582863730166,3.27664636722107,1,NA,NA,0.148550295746586
"Erlotinib","treat_line","priority therapy","cardiac_serious",0.867892467522799,0.528943690458794,1.42404068480233,11,0,0,0.57493100366587
"Almonertinib","treat_line","priority therapy","cardiac_serious",2.54784688995215,0.488878676235724,13.2783941910136,1,NA,NA,0.266851254962214
"Gefitinib","treat_line","priority therapy","cardiac_serious",0.766100262567734,0.44924634054088,1.30643159296463,8,0,0,0.327872530284746
"Osimertinib","treat_line","priority therapy","cardiac_serious",0.82952447410662,0.54767634034192,1.256418805151,5,0.440490598629563,0.207164919786132,0.377588997137091
"Afatinib","treat_line","priority therapy","cardiac_serious",0.724925627713229,0.299483159134241,1.75474696885998,4,0,0,0.475710227815982
"Dacomitinib","treat_line","priority therapy","cardiac_serious",0.986725663716814,0.0613391128481804,15.8728662712681,1,NA,NA,0.992477453893862
"Furmonertinib","treat_line","priority therapy","cardiac_serious",1.42456140350877,0.443517496528383,4.57563728207284,1,NA,NA,0.552264097872143
"Lazertinib","treat_line","priority therapy","cardiac_serious",1.07237139470456,0.600925688549517,1.91368155845751,3,0,0,0.813075532601628
"Zorifertinib","treat_line","priority therapy","cardiac_serious",2.70440251572327,0.707857163219053,10.3323005644107,1,NA,NA,0.145739966373612
"Erlotinib","treat_line","non-priority therapy","cardiac_serious",0.74608613637619,0.582597093942774,0.955453655159198,22,0.229285609239471,0.124836598239552,0.0202839830957016
"Osimertinib","treat_line","non-priority therapy","cardiac_serious",0.804073541512555,0.280243181116949,2.30704724940564,2,0.667668523143419,1.87182129582473,0.68511819691888
"Afatinib","treat_line","non-priority therapy","cardiac_serious",1.30379960757206,0.731628394309389,2.32343827812976,3,0.123066988758646,0.0649368188563467,0.36816087921709
"Icotinib","treat_line","non-priority therapy","cardiac_serious",7.07088607594937,0.362864731432578,137.785311076297,1,NA,NA,0.196731132547626
"Gefitinib","treat_line","non-priority therapy","cardiac_serious",0.200915105688263,0.0233429172774513,1.72929883672763,2,0,0,0.143943982304081
"Dacomitinib","treat_line","non-priority therapy","cardiac_serious",0.670102357301346,0.344189163915434,1.30462320240607,2,0,0,0.238920747672801
"Erlotinib","treat_line","priority therapy","cardiac_total",0.696511370791382,0.499640742860331,0.970953823470122,12,0.461738218963287,0.424566212400533,0.0328529442150241
"Almonertinib","treat_line","priority therapy","cardiac_total",1.11542390194076,0.666092640058041,1.86786402701031,1,NA,NA,0.677946130262215
"Gefitinib","treat_line","priority therapy","cardiac_total",0.900886025275432,0.640082577610552,1.26795457168398,10,0,0,0.549471281404713
"Osimertinib","treat_line","priority therapy","cardiac_total",0.934281837349613,0.713013481360299,1.22421605540483,5,0.750178177436531,0.338122495709674,0.622049792140077
"Afatinib","treat_line","priority therapy","cardiac_total",0.831567041317037,0.436067021700931,1.58577399755542,4,0,0,0.575465286692574
"Dacomitinib","treat_line","priority therapy","cardiac_total",0.986725663716814,0.0613391128481804,15.8728662712681,1,NA,NA,0.992477453893862
"Furmonertinib","treat_line","priority therapy","cardiac_total",1.15445134575569,0.557697544922174,2.38975036173616,1,NA,NA,0.698824304942343
"Befotertinib","treat_line","priority therapy","cardiac_total",1.12382595361319,0.680529886161354,1.85588436260849,1,NA,NA,0.648297950545802
"Icotinib","treat_line","priority therapy","cardiac_total",0.889817499573597,0.538826674844374,1.46944317999122,1,NA,NA,0.648297950545802
"Lazertinib","treat_line","priority therapy","cardiac_total",1.07237139470456,0.600925688549517,1.91368155845751,3,0,0,0.813075532601628
"Zorifertinib","treat_line","priority therapy","cardiac_total",1.1362617660242,0.626590729856357,2.06050096084955,1,NA,NA,0.674010756683144
"Gefitinib","treat_line","non-priority therapy","cardiac_total",0.0806866323695915,0.0154184445051754,0.422243154357131,3,0,0,0.00287305022012623
"Erlotinib","treat_line","non-priority therapy","cardiac_total",0.860662181281736,0.701542001141543,1.05587318946451,23,0.317747658036908,0.139786801190776,0.150238370057051
"Osimertinib","treat_line","non-priority therapy","cardiac_total",0.614510276285831,0.344908208552546,1.09485036974224,5,0.703068390632666,2.25931658937573,0.0984441045995693
"Afatinib","treat_line","non-priority therapy","cardiac_total",1.14837544313718,0.671125725483868,1.96500612079758,3,0.143832890608459,0.0512550399446614,0.613691713368038
"Icotinib","treat_line","non-priority therapy","cardiac_total",7.07088607594937,0.362864731432578,137.785311076297,1,NA,NA,0.196731132547626
"Dacomitinib","treat_line","non-priority therapy","cardiac_total",0.608518381407139,0.343960954921066,1.0765600432623,2,0,0,0.0879108504023474
"Erlotinib","treat_line","priority therapy","vascular_serious",0.229356118764998,0.16484631165235,0.319110744351276,17,0.546416241316079,0.771848504339035,2.36166359983974e-18
"Almonertinib","treat_line","priority therapy","vascular_serious",22.1295843520782,1.28844347559127,380.085361036899,1,NA,NA,0.032789409816675
"Gefitinib","treat_line","priority therapy","vascular_serious",0.34471984333716,0.254445113825905,0.467023196490629,12,0.748476566189636,1.44063364164459,6.22268372809118e-12
"Osimertinib","treat_line","priority therapy","vascular_serious",0.496078806306536,0.347055621772403,0.709091473031677,5,0.579563146220522,0.284262075644602,0.000120072173437446
"Afatinib","treat_line","priority therapy","vascular_serious",0.857179731274678,0.441935526869451,1.66258887786855,4,0,0,0.648441063368876
"Dacomitinib","treat_line","priority therapy","vascular_serious",4.97782705099778,0.237642600266682,104.26902466914,1,NA,NA,0.301086810691803
"Befotertinib","treat_line","priority therapy","vascular_serious",16.0778443113772,2.10065037324151,123.055735972854,1,NA,NA,0.00747796990542565
"Icotinib","treat_line","priority therapy","vascular_serious",0.0621973929236499,0.00812639892073455,0.476043044924654,1,NA,NA,0.00747796990542565
"Lazertinib","treat_line","priority therapy","vascular_serious",0.76812436263728,0.504432694997786,1.16966057578706,3,0.687855761979121,0.347362625612981,0.218866864595708
"Gefitinib","treat_line","non-priority therapy","vascular_serious",0.195564997674389,0.0227008643236485,1.68476705424567,2,0,0,0.13748732778822
"Osimertinib","treat_line","non-priority therapy","vascular_serious",0.452278905404451,0.220545896732971,0.92749949694833,4,0.251746989361877,0.306128367581844,0.0303602549308061
"Erlotinib","treat_line","non-priority therapy","vascular_serious",0.686583452435102,0.556591295215088,0.846935338748945,26,0.318187791805934,0.168075760957896,0.000445996569329448
"Afatinib","treat_line","non-priority therapy","vascular_serious",1.65708316263826,0.884671205809103,3.1038928246657,2,0.470000794610757,0.314838095210755,0.11473136938449
"Dacomitinib","treat_line","non-priority therapy","vascular_serious",1.0220897563618,0.526130560969467,1.98556698195743,3,0,0,0.948581333862641
"Erlotinib","treat_line","priority therapy","vascular_total",0.244190624202178,0.197336821599064,0.302168953898526,17,0.734384087603709,0.700292872333659,1.80173766267925e-38
"Almonertinib","treat_line","priority therapy","vascular_total",2.23765432098765,1.09326434301913,4.5799507614117,1,NA,NA,0.0275270083710019
"Gefitinib","treat_line","priority therapy","vascular_total",0.488297010276078,0.392867505800134,0.606906824118602,14,0.777725557786227,0.711509049610139,1.03981374456971e-10
"Osimertinib","treat_line","priority therapy","vascular_total",0.371769520538357,0.303082974770732,0.456022237824051,5,0.933812730205304,0.98093901005634,2.22000873513015e-21
"Afatinib","treat_line","priority therapy","vascular_total",0.80332520194266,0.535779703087784,1.20447149520049,4,0.208526921500732,0.0534439863058409,0.289273922747179
"Dacomitinib","treat_line","priority therapy","vascular_total",0.985436893203884,0.522135955361109,1.85983336431164,1,NA,NA,0.963892749061597
"Befotertinib","treat_line","priority therapy","vascular_total",34.6488549618321,8.28581870170048,144.891312903056,1,NA,NA,1.19351029819182e-06
"Icotinib","treat_line","priority therapy","vascular_total",0.0288609825952853,0.00690172502383965,0.12068813426907,1,NA,NA,1.19351029819182e-06
"Lazertinib","treat_line","priority therapy","vascular_total",0.585718930248204,0.458623060716163,0.748036229829752,3,0.957410840925491,1.22064120851338,1.81884709540481e-05
"Gefitinib","treat_line","non-priority therapy","vascular_total",0.203439510625597,0.0928286735358112,0.44584968099987,3,0,0,6.95609961654665e-05
"Osimertinib","treat_line","non-priority therapy","vascular_total",0.255107821022707,0.164285221582056,0.39614032059754,5,0.724029641421248,1.0083038876685,1.17244100586517e-09
"Erlotinib","treat_line","non-priority therapy","vascular_total",0.445392908422901,0.382733118651512,0.518311150005379,27,0.612778189065589,0.300298349874881,1.38610776519621e-25
"Afatinib","treat_line","non-priority therapy","vascular_total",1.65708316263826,0.884671205809103,3.1038928246657,2,0.470000794610757,0.314838095210755,0.11473136938449
"Dacomitinib","treat_line","non-priority therapy","vascular_total",1.0220897563618,0.526130560969467,1.98556698195743,3,0,0,0.948581333862641
"Almonertinib","treat_line","priority therapy","arrhy_serious",2.0188679245283,0.181695962388007,22.4321313645121,1,NA,NA,0.56743581257916
"Gefitinib","treat_line","priority therapy","arrhy_serious",0.907074125157638,0.397135993599564,2.07179274049915,5,0,0,0.816972378441784
"Osimertinib","treat_line","priority therapy","arrhy_serious",0.637698357192996,0.250032211592726,1.62642721982177,5,0,0,0.346304001481475
"Erlotinib","treat_line","priority therapy","arrhy_serious",0.846474026993412,0.282751104175111,2.53409542100566,5,0,0,0.765760405229206
"Afatinib","treat_line","priority therapy","arrhy_serious",0.571140778238185,0.115600638720243,2.82179918880844,3,0,0,0.491950352009764
"Furmonertinib","treat_line","priority therapy","arrhy_serious",1.42456140350877,0.443517496528383,4.57563728207284,1,NA,NA,0.552264097872143
"Lazertinib","treat_line","priority therapy","arrhy_serious",1.6673229765991,0.460392199120186,6.03825589053817,3,0,0,0.436217966799051
"Zorifertinib","treat_line","priority therapy","arrhy_serious",2.70440251572327,0.707857163219053,10.3323005644107,1,NA,NA,0.145739966373612
"Erlotinib","treat_line","non-priority therapy","arrhy_serious",0.823041678357747,0.566320092330708,1.19613909781319,19,0,0,0.307252233996818
"Osimertinib","treat_line","non-priority therapy","arrhy_serious",0.50226506489431,0.11320615341631,2.22841416124771,2,0.374020124868753,1.09239700575683,0.36500000116347
"Afatinib","treat_line","non-priority therapy","arrhy_serious",2.86105137336165,1.08178549346577,7.56676347617669,3,0,0,0.0341423050739758
"Dacomitinib","treat_line","non-priority therapy","arrhy_serious",0.633681852128454,0.198818650956113,2.01969326210541,2,0,0,0.440479876879571
"Gefitinib","treat_line","non-priority therapy","arrhy_serious",0.343065693430657,0.0137369253469441,8.56771563042961,1,NA,NA,0.514640428969539
"Almonertinib","treat_line","priority therapy","hf_serious",0.333333333333333,0.0135034420624435,8.22835471113988,1,NA,NA,0.501846780890261
"Gefitinib","treat_line","priority therapy","hf_serious",0.805269608236314,0.2309713592484,2.80753052698484,5,0,0,0.733937938963265
"Erlotinib","treat_line","priority therapy","hf_serious",0.491140219643188,0.121712168489495,1.9818783803197,3,0.021243777784198,0.0460200173421366,0.317826298655124
"Osimertinib","treat_line","priority therapy","hf_serious",1.78748231435028,0.777181751336843,4.11112718308052,4,0.443333646011223,0.940749046793425,0.171699266096471
"Afatinib","treat_line","priority therapy","hf_serious",0.156576200417537,0.00632876141745649,3.87376058600824,1,NA,NA,0.257341346248572
"Lazertinib","treat_line","priority therapy","hf_serious",0.805784769401908,0.217078490498351,2.99103376437482,3,0,0,0.746926938159716
"Erlotinib","treat_line","non-priority therapy","hf_serious",0.928428079552407,0.53587768187542,1.60853629112653,14,0,0,0.791134217471563
"Osimertinib","treat_line","non-priority therapy","hf_serious",0.668885630498534,0.121139802021193,3.69331944763414,2,0.255887084445263,0.83172272684358,0.644593569491185
"Afatinib","treat_line","non-priority therapy","hf_serious",1.06826370092633,0.325054638701091,3.51075542031015,2,0,0,0.913377385056233
"Icotinib","treat_line","non-priority therapy","hf_serious",7.07088607594937,0.362864731432578,137.785311076297,1,NA,NA,0.196731132547626
"Gefitinib","treat_line","non-priority therapy","hf_serious",0.141424991049051,0.00725766768742325,2.75584787767065,1,NA,NA,0.196731132547626
"Dacomitinib","treat_line","non-priority therapy","hf_serious",1,0.0623499876097063,16.0384955689121,1,NA,NA,1
"Erlotinib","treat_line","priority therapy","vt_serious",0.765192728477527,0.479576936133477,1.22090923812049,16,0,0,0.26157526340186
"Almonertinib","treat_line","priority therapy","vt_serious",26.6049382716049,1.56501502384743,452.278559406925,1,NA,NA,0.023219055142281
"Gefitinib","treat_line","priority therapy","vt_serious",0.372327069121888,0.223460980964197,0.620365335383121,10,0,0,0.000148899537682881
"Afatinib","treat_line","priority therapy","vt_serious",0.916140661724206,0.486616288882962,1.72479576051827,4,0.422901332451277,0.398601514856966,0.786142952684403
"Osimertinib","treat_line","priority therapy","vt_serious",0.502858042745332,0.352855015546086,0.71662921033537,4,0.820173960430049,0.791815532282123,0.000142698996472914
"Dacomitinib","treat_line","priority therapy","vt_serious",1.98222222222222,0.178463524285555,22.0168516451832,1,NA,NA,0.577522800334764
"Befotertinib","treat_line","priority therapy","vt_serious",16.0778443113772,2.10065037324151,123.055735972854,1,NA,NA,0.00747796990542565
"Icotinib","treat_line","priority therapy","vt_serious",0.0621973929236499,0.00812639892073455,0.476043044924654,1,NA,NA,0.00747796990542565
"Lazertinib","treat_line","priority therapy","vt_serious",0.7505023957717,0.492344384542772,1.1440241094293,3,0.820984060547629,0.802507840708989,0.182073967440674
"Erlotinib","treat_line","non-priority therapy","vt_serious",0.71587086119506,0.579760064273603,0.883936513547627,25,0.227102097188459,0.099479355569619,0.00189276657883988
"Osimertinib","treat_line","non-priority therapy","vt_serious",0.918325499227105,0.39230169590554,2.14967646414093,2,0.12631843893164,0.0745708526194347,0.844340088398939
"Afatinib","treat_line","non-priority therapy","vt_serious",1.50857266233904,0.797675745265436,2.85302830262115,2,0.364052366788944,0.207220603942503,0.205991197719524
"Dacomitinib","treat_line","non-priority therapy","vt_serious",0.925473349840565,0.505710645513388,1.69365808069081,3,0.179858557462795,0.0864680113287346,0.801673914087393
"Gefitinib","treat_line","non-priority therapy","vt_serious",0.343065693430657,0.0137369253469441,8.56771563042961,1,NA,NA,0.514640428969539
"Erlotinib","treat_line","priority therapy","hyper_serious",0.0970802047239091,0.0586270812774287,0.160754483148124,6,0,0,1.26398487677791e-19
"Osimertinib","treat_line","priority therapy","hyper_serious",0.502365076938357,0.144979011444373,1.74073935263459,3,0,0,0.277592630693973
"Gefitinib","treat_line","priority therapy","hyper_serious",0.336099787575413,0.235913640832488,0.478832282904946,6,0.880728497330279,3.91608335510684,1.56206511853471e-09
"Afatinib","treat_line","priority therapy","hyper_serious",0.985098114783056,0.137546961195054,7.05517800842572,2,0,0,0.988074596040321
"Lazertinib","treat_line","priority therapy","hyper_serious",1.36963536694414,0.207992797102836,9.01906731633945,2,0.363574946445788,1.52832317208522,0.74360064164551
"Gefitinib","treat_line","non-priority therapy","hyper_serious",0.134502923976608,0.00684012873270333,2.6448386083382,1,NA,NA,0.186831558600341
"Osimertinib","treat_line","non-priority therapy","hyper_serious",0.115446181581844,0.0209545842586997,0.636033656277135,3,0,0,0.0131495303267031
"Erlotinib","treat_line","non-priority therapy","hyper_serious",0.229047224195467,0.10113792039085,0.518723646965505,10,0,0,0.000409692199621746
"Afatinib","treat_line","non-priority therapy","hyper_serious",0.695357473350239,0.0891421597612897,5.42416761091309,2,0,0,0.728844788979247
"Almonertinib","treat_line","priority therapy","arrhy_total",1.04264502762431,0.615001931688569,1.76765079525018,1,NA,NA,0.876781630950415
"Gefitinib","treat_line","priority therapy","arrhy_total",0.966261197276968,0.650151477126789,1.43606641561324,7,0,0,0.865190352809814
"Osimertinib","treat_line","priority therapy","arrhy_total",1.10299123892655,0.776009658914024,1.56775068347894,5,0.622006602921122,0.358862444456592,0.584783211135904
"Erlotinib","treat_line","priority therapy","arrhy_total",0.4850543503034,0.292306562024643,0.804900584915429,5,0.633541016491815,0.719387240748904,0.00511210764021531
"Afatinib","treat_line","priority therapy","arrhy_total",1.0183967451968,0.386108380591378,2.68611608232622,3,0.15450124017362,0.289955005063203,0.970613061816391
"Furmonertinib","treat_line","priority therapy","arrhy_total",1.15445134575569,0.557697544922174,2.38975036173616,1,NA,NA,0.698824304942343
"Befotertinib","treat_line","priority therapy","arrhy_total",1.12382595361319,0.680529886161354,1.85588436260849,1,NA,NA,0.648297950545802
"Icotinib","treat_line","priority therapy","arrhy_total",0.889817499573597,0.538826674844374,1.46944317999122,1,NA,NA,0.648297950545802
"Lazertinib","treat_line","priority therapy","arrhy_total",1.6673229765991,0.460392199120186,6.03825589053817,3,0,0,0.436217966799051
"Zorifertinib","treat_line","priority therapy","arrhy_total",1.1362617660242,0.626590729856357,2.06050096084955,1,NA,NA,0.674010756683144
"Gefitinib","treat_line","non-priority therapy","arrhy_total",0.0656111321722454,0.00876485999927693,0.491145399387895,2,0.187448917259623,0.553790970798788,0.00799578153941415
"Erlotinib","treat_line","non-priority therapy","arrhy_total",1.12152186838847,0.84495685845277,1.48861008546258,21,0.093488028337351,0.0558292474112278,0.427286996213846
"Osimertinib","treat_line","non-priority therapy","arrhy_total",0.776341342514002,0.387356512731391,1.55594616402999,5,0.519815513222362,1.4186551619978,0.475419219309081
"Afatinib","treat_line","non-priority therapy","arrhy_total",1.78697343680099,0.823704558891507,3.87672258137028,3,0.200720003410877,0.143759512579186,0.14179312255229
"Dacomitinib","treat_line","non-priority therapy","arrhy_total",0.549111476932168,0.248262158234235,1.21453634433541,2,0,0,0.138853112732727
"Erlotinib","treat_line","priority therapy","hf_total",0.68798024403426,0.225508688454908,2.0988850559347,5,0.0788064542629397,0.203433950514902,0.511066611988886
"Almonertinib","treat_line","priority therapy","hf_total",0.333333333333333,0.0135034420624435,8.22835471113988,1,NA,NA,0.501846780890261
"Gefitinib","treat_line","priority therapy","hf_total",1.09542861771482,0.357575037571753,3.35583788135045,6,0,0,0.87322346294983
"Osimertinib","treat_line","priority therapy","hf_total",0.922804688808266,0.532480692798932,1.5992476444739,4,0.701548458233351,1.44501525712957,0.774605342923313
"Afatinib","treat_line","priority therapy","hf_total",0.156576200417537,0.00632876141745649,3.87376058600824,1,NA,NA,0.257341346248572
"Lazertinib","treat_line","priority therapy","hf_total",0.713040369880541,0.196828502390139,2.58309423129997,3,0,0,0.606562295564002
"Erlotinib","treat_line","non-priority therapy","hf_total",0.766489348440485,0.459548378761103,1.27844194088243,15,0,0,0.308272143174106
"Osimertinib","treat_line","non-priority therapy","hf_total",0.214460548222444,0.0599505950884205,0.767187159294021,2,0.704853110628715,4.21552838360591,0.0179090609314461
"Afatinib","treat_line","non-priority therapy","hf_total",1.06826370092633,0.325054638701091,3.51075542031015,2,0,0,0.913377385056233
"Icotinib","treat_line","non-priority therapy","hf_total",7.07088607594937,0.362864731432578,137.785311076297,1,NA,NA,0.196731132547626
"Gefitinib","treat_line","non-priority therapy","hf_total",0.141424991049051,0.00725766768742325,2.75584787767065,1,NA,NA,0.196731132547626
"Dacomitinib","treat_line","non-priority therapy","hf_total",1,0.0623499876097063,16.0384955689121,1,NA,NA,1
"Erlotinib","treat_line","priority therapy","vt_total",1.03344564214382,0.6934123287619,1.54022340094962,16,0,0,0.871627174042794
"Almonertinib","treat_line","priority therapy","vt_total",26.6049382716049,1.56501502384743,452.278559406925,1,NA,NA,0.023219055142281
"Gefitinib","treat_line","priority therapy","vt_total",0.389067777282435,0.25663468170086,0.589841304052348,12,0,0,8.72602848944762e-06
"Afatinib","treat_line","priority therapy","vt_total",0.966136298434441,0.530423935775123,1.75976098399212,4,0.306837675175198,0.19749749950119,0.910343308140247
"Osimertinib","treat_line","priority therapy","vt_total",0.332115771949105,0.258026335985373,0.427479177875869,4,0.929496862646299,1.31277050797056,1.14112375084065e-17
"Dacomitinib","treat_line","priority therapy","vt_total",1.98222222222222,0.178463524285555,22.0168516451832,1,NA,NA,0.577522800334764
"Befotertinib","treat_line","priority therapy","vt_total",34.6488549618321,8.28581870170048,144.891312903056,1,NA,NA,1.19351029819182e-06
"Icotinib","treat_line","priority therapy","vt_total",0.0288609825952853,0.00690172502383965,0.12068813426907,1,NA,NA,1.19351029819182e-06
"Lazertinib","treat_line","priority therapy","vt_total",0.559916795386171,0.423149056168957,0.740889795652387,3,0.955172759609389,1.68617099846348,4.93315194852596e-05
"Erlotinib","treat_line","non-priority therapy","vt_total",0.72133397968388,0.595186617104006,0.874217758420567,25,0.343660886884804,0.145784207182656,0.00086665341934699
"Osimertinib","treat_line","non-priority therapy","vt_total",0.918325499227105,0.39230169590554,2.14967646414093,2,0.12631843893164,0.0745708526194347,0.844340088398939
"Afatinib","treat_line","non-priority therapy","vt_total",1.50857266233904,0.797675745265436,2.85302830262115,2,0.364052366788944,0.207220603942503,0.205991197719524
"Dacomitinib","treat_line","non-priority therapy","vt_total",0.925473349840565,0.505710645513388,1.69365808069081,3,0.179858557462795,0.0864680113287346,0.801673914087393
"Gefitinib","treat_line","non-priority therapy","vt_total",0.291940488994787,0.12150188646404,0.70146441009984,2,0,0,0.00590966292636446
"Erlotinib","treat_line","priority therapy","hyper_total",0.165079120759956,0.127994991990114,0.212907674645466,7,0.746126667984842,0.412130920225407,8.84518307219493e-44
"Almonertinib","treat_line","priority therapy","hyper_total",1.2751256281407,0.582269776827741,2.79242617811888,1,NA,NA,0.543383556561631
"Gefitinib","treat_line","priority therapy","hyper_total",0.532985031406027,0.418848719841405,0.678223497520648,10,0.856208157718762,1.12940177178218,3.08948860295883e-07
"Osimertinib","treat_line","priority therapy","hyper_total",0.698368182523097,0.501387385418298,0.972737114145222,5,0.594788517318347,0.225812781357845,0.0337155959805563
"Afatinib","treat_line","priority therapy","hyper_total",0.928863206661394,0.564684596858102,1.52790931697061,3,0.689898052360785,0.577190183566406,0.77135223290521
"Dacomitinib","treat_line","priority therapy","hyper_total",0.88301282051282,0.460972883928994,1.69144795360698,1,NA,NA,0.707546249645577
"Lazertinib","treat_line","priority therapy","hyper_total",1.18222783842859,0.754043760381803,1.85355643185463,3,0,0,0.46564274042082
"Gefitinib","treat_line","non-priority therapy","hyper_total",0.0641025641025641,0.00818210638346544,0.502210376148026,1,NA,NA,0.00890393439802643
"Osimertinib","treat_line","non-priority therapy","hyper_total",0.173395077251275,0.101962263643203,0.294872355131161,5,0.621225522378455,0.864226881930994,9.94304230119776e-11
"Erlotinib","treat_line","non-priority therapy","hyper_total",0.201455192974975,0.153943972998121,0.263629643864525,12,0.0511201532547016,0.0147181034282722,1.7173936875302e-31
"Afatinib","treat_line","non-priority therapy","hyper_total",0.695357473350239,0.0891421597612897,5.42416761091309,2,0,0,0.728844788979247
